topic,period_a_from,period_a_to,period_b_from,period_b_to,pubs_a,pubs_b,cites_a,cites_b,label
2D Materials and Applications,1959,2014,2015,2026,0,1,0,13,Emerging
3D Surveying and Cultural Heritage,1959,2014,2015,2026,0,9,0,35,Emerging
Academic and Historical Perspectives in Psychology,1959,2014,2015,2026,1,0,0,0,Declining
Academic Writing and Publishing,1959,2014,2015,2026,0,1,0,0,Emerging
Additive Manufacturing and 3D Printing Technologies,1959,2014,2015,2026,0,1,0,0,Emerging
Adsorption and biosorption for pollutant removal,1959,2014,2015,2026,0,5,0,9,Emerging
Advanced Adaptive Filtering Techniques,1959,2014,2015,2026,0,1,0,2,Emerging
Advanced battery technologies research,1959,2014,2015,2026,0,2,0,19,Emerging
Advanced ceramic materials synthesis,1959,2014,2015,2026,1,2,2,30,Strong surge
Advanced Fiber Optic Sensors,1959,2014,2015,2026,0,7,0,20,Emerging
Advanced Image Processing Techniques,1959,2014,2015,2026,0,4,0,20,Emerging
Advanced machining processes and optimization,1959,2014,2015,2026,0,1,0,19,Emerging
Advanced Mathematical Modeling in Engineering,1959,2014,2015,2026,0,8,0,2,Emerging
Advanced Neural Network Applications,1959,2014,2015,2026,0,21,0,241,Emerging
Advanced Photocatalysis Techniques,1959,2014,2015,2026,0,3,0,19,Emerging
Advanced Signal Processing Techniques,1959,2014,2015,2026,1,0,0,0,Declining
Aeolian processes and effects,1959,2014,2015,2026,14,27,250,328,Growing priority
African Education and Politics,1959,2014,2015,2026,1,0,0,0,Declining
Air Quality and Health Impacts,1959,2014,2015,2026,1,3,0,35,Strong surge
Air Quality Monitoring and Forecasting,1959,2014,2015,2026,0,1,0,32,Emerging
Anaerobic Digestion and Biogas Production,1959,2014,2015,2026,0,1,0,8,Emerging
Analytical Chemistry and Chromatography,1959,2014,2015,2026,0,4,0,0,Emerging
Analytical chemistry methods development,1959,2014,2015,2026,1,3,0,141,Strong surge
Animal Ecology and Behavior Studies,1959,2014,2015,2026,1,0,2,0,Declining
Anomaly Detection Techniques and Applications,1959,2014,2015,2026,0,2,0,2,Emerging
Aquatic Ecosystems and Biodiversity,1959,2014,2015,2026,1,0,12,0,Declining
Aquatic Ecosystems and Phytoplankton Dynamics,1959,2014,2015,2026,0,1,0,6,Emerging
Archaeological and Geological Studies,1959,2014,2015,2026,0,1,0,1,Emerging
Archaeological Research and Protection,1959,2014,2015,2026,0,2,0,4,Emerging
Archaeology and ancient environmental studies,1959,2014,2015,2026,0,8,0,227,Emerging
Archaeology and Cultural Heritage,1959,2014,2015,2026,1,2,1,20,Strong surge
Archaeology and Historical Studies,1959,2014,2015,2026,5,4,93,35,Declining
Archaeology and Natural History,1959,2014,2015,2026,1,1,0,7,Growing priority
Arctic and Antarctic ice dynamics,1959,2014,2015,2026,0,1,0,0,Emerging
Arsenic contamination and mitigation,1959,2014,2015,2026,0,2,0,23,Emerging
Artificial Intelligence Applications,1959,2014,2015,2026,0,1,0,3,Emerging
Artistic and Creative Research,1959,2014,2015,2026,1,0,0,0,Declining
Asphalt Pavement Performance Evaluation,1959,2014,2015,2026,0,1,0,5,Emerging
Astro and Planetary Science,1959,2014,2015,2026,24,34,1490,240,Declining
Astronomy and Astrophysical Research,1959,2014,2015,2026,1,0,0,0,Declining
Astrophysics and Star Formation Studies,1959,2014,2015,2026,2,1,0,7,Declining
Atmospheric aerosols and clouds,1959,2014,2015,2026,2,2,58,3,Declining
Atmospheric and Environmental Gas Dynamics,1959,2014,2015,2026,3,18,10,230,Strong surge
Atmospheric chemistry and aerosols,1959,2014,2015,2026,3,2,89,3,Declining
Bauxite Residue and Utilization,1959,2014,2015,2026,0,1,0,4,Emerging
Big Data Technologies and Applications,1959,2014,2015,2026,0,1,0,4,Emerging
Biographical and Historical Analysis,1959,2014,2015,2026,3,2,0,0,Declining
Botany and Plant Ecology Studies,1959,2014,2015,2026,1,1,8,3,Declining
Building materials and conservation,1959,2014,2015,2026,0,2,0,23,Emerging
Calcium Carbonate Crystallization and Inhibition,1959,2014,2015,2026,2,20,32,97,Strong surge
Carbon Dioxide Capture Technologies,1959,2014,2015,2026,8,34,221,426,Growing priority
Carbon dioxide utilization in catalysis,1959,2014,2015,2026,0,6,0,51,Emerging
Catalysis and Hydrodesulfurization Studies,1959,2014,2015,2026,1,6,0,110,Strong surge
Catalysts for Methane Reforming,1959,2014,2015,2026,0,1,0,4,Emerging
Cell Image Analysis Techniques,1959,2014,2015,2026,0,6,0,7,Emerging
Cephalopods and Marine Biology,1959,2014,2015,2026,1,0,14,0,Declining
Chemical Analysis and Environmental Impact,1959,2014,2015,2026,0,2,0,31,Emerging
Clay minerals and soil interactions,1959,2014,2015,2026,2,11,43,67,Growing priority
Climate Change and Environmental Impact,1959,2014,2015,2026,1,2,0,3,Strong surge
Climate Change and Geoengineering,1959,2014,2015,2026,2,3,4,15,Growing priority
Climate change and permafrost,1959,2014,2015,2026,3,1,23,87,Declining
Climate Change Policy and Economics,1959,2014,2015,2026,3,5,2,168,Growing priority
Climate variability and models,1959,2014,2015,2026,2,5,0,137,Strong surge
CO2 Reduction Techniques and Catalysts,1959,2014,2015,2026,0,6,0,34,Emerging
CO2 Sequestration and Geologic Interactions,1959,2014,2015,2026,17,148,553,1911,Strong surge
Coal and Its By-products,1959,2014,2015,2026,23,65,832,909,Growing priority
Coal Properties and Utilization,1959,2014,2015,2026,6,10,197,84,Declining
Coastal and Marine Dynamics,1959,2014,2015,2026,7,15,604,120,Declining
Coastal and Marine Management,1959,2014,2015,2026,0,2,0,0,Emerging
Coastal wetland ecosystem dynamics,1959,2014,2015,2026,3,10,11,66,Strong surge
Color Science and Applications,1959,2014,2015,2026,0,2,0,0,Emerging
Complex Systems and Time Series Analysis,1959,2014,2015,2026,1,0,0,0,Declining
Composite Material Mechanics,1959,2014,2015,2026,0,1,0,0,Emerging
Computer Graphics and Visualization Techniques,1959,2014,2015,2026,0,1,0,1,Emerging
Concrete and Cement Materials Research,1959,2014,2015,2026,0,12,0,79,Emerging
Concrete Properties and Behavior,1959,2014,2015,2026,0,1,0,26,Emerging
Conferences and Exhibitions Management,1959,2014,2015,2026,1,0,0,0,Declining
Coral and Marine Ecosystems Studies,1959,2014,2015,2026,2,26,85,70,"Output rising, impact softening"
COVID-19 impact on air quality,1959,2014,2015,2026,0,1,0,14,Emerging
Crustacean biology and ecology,1959,2014,2015,2026,0,2,0,9,Emerging
Cryospheric studies and observations,1959,2014,2015,2026,2,0,4,0,Declining
Cultural Heritage Materials Analysis,1959,2014,2015,2026,2,5,6,0,Declining
Data Visualization and Analytics,1959,2014,2015,2026,0,1,0,0,Emerging
Digital and Traditional Archives Management,1959,2014,2015,2026,0,2,0,0,Emerging
Digital Filter Design and Implementation,1959,2014,2015,2026,1,1,0,0,Declining
Digital Holography and Microscopy,1959,2014,2015,2026,0,1,0,0,Emerging
Direction-of-Arrival Estimation Techniques,1959,2014,2015,2026,1,2,2,2,Growing priority
Disaster Management and Resilience,1959,2014,2015,2026,0,1,0,0,Emerging
Diverse Historical and Scientific Studies,1959,2014,2015,2026,0,1,0,4,Emerging
Domain Adaptation and Few-Shot Learning,1959,2014,2015,2026,0,4,0,32,Emerging
Drilling and Well Engineering,1959,2014,2015,2026,2,31,4,299,Strong surge
Earth Systems and Cosmic Evolution,1959,2014,2015,2026,3,6,42,5,Declining
Earthquake and Disaster Impact Studies,1959,2014,2015,2026,0,1,0,11,Emerging
earthquake and tectonic studies,1959,2014,2015,2026,11,45,120,636,Strong surge
Earthquake and Tsunami Effects,1959,2014,2015,2026,0,1,0,2,Emerging
Echinoderm biology and ecology,1959,2014,2015,2026,0,3,0,36,Emerging
Ecology and biodiversity studies,1959,2014,2015,2026,1,0,2,0,Declining
Economic and Environmental Valuation,1959,2014,2015,2026,1,0,36,0,Declining
Ecosystem dynamics and resilience,1959,2014,2015,2026,0,1,0,0,Emerging
Effects and risks of endocrine disrupting chemicals,1959,2014,2015,2026,0,1,0,0,Emerging
Elasticity and Wave Propagation,1959,2014,2015,2026,0,2,0,10,Emerging
Electrical and Bioimpedance Tomography,1959,2014,2015,2026,0,1,0,0,Emerging
Electrocatalysts for Energy Conversion,1959,2014,2015,2026,0,5,0,24,Emerging
Electron and X-Ray Spectroscopy Techniques,1959,2014,2015,2026,1,2,8,29,Strong surge
Energy and Environment Impacts,1959,2014,2015,2026,0,1,0,14,Emerging
Energy Law and Policy,1959,2014,2015,2026,1,1,0,0,Declining
Energy Load and Power Forecasting,1959,2014,2015,2026,0,2,0,62,Emerging
"Energy, Environment, Economic Growth",1959,2014,2015,2026,1,1,1,5,Growing priority
Engineering and Agricultural Innovations,1959,2014,2015,2026,0,2,0,8,Emerging
Engineering Education and Curriculum Development,1959,2014,2015,2026,1,0,0,0,Declining
Enhanced Oil Recovery Techniques,1959,2014,2015,2026,15,103,177,988,Strong surge
Environmental and Analytical Chemistry Studies,1959,2014,2015,2026,0,4,0,37,Emerging
Environmental and Biological Research in Conflict Zones,1959,2014,2015,2026,0,1,0,0,Emerging
Environmental Changes in China,1959,2014,2015,2026,0,2,0,13,Emerging
Environmental DNA in Biodiversity Studies,1959,2014,2015,2026,0,2,0,2,Emerging
Environmental Impact and Sustainability,1959,2014,2015,2026,0,2,0,86,Emerging
Environmental law and policy,1959,2014,2015,2026,1,0,1,0,Declining
Environmental Monitoring and Data Management,1959,2014,2015,2026,1,6,0,151,Strong surge
Environmental remediation with nanomaterials,1959,2014,2015,2026,0,5,0,9,Emerging
Environmental Science and Water Management,1959,2014,2015,2026,2,7,92,81,"Output rising, impact softening"
Environmental Toxicology and Ecotoxicology,1959,2014,2015,2026,2,9,266,69,Declining
Enzyme function and inhibition,1959,2014,2015,2026,0,1,0,1,Emerging
Eurasian Exchange Networks,1959,2014,2015,2026,0,1,0,0,Emerging
Evolution and Paleontology Studies,1959,2014,2015,2026,160,96,3946,822,Declining
Experimental and Theoretical Physics Studies,1959,2014,2015,2026,1,0,0,0,Declining
Explainable Artificial Intelligence (XAI),1959,2014,2015,2026,0,2,0,0,Emerging
Extraction and Separation Processes,1959,2014,2015,2026,0,3,0,6,Emerging
Fecal contamination and water quality,1959,2014,2015,2026,0,1,0,0,Emerging
Fern and Epiphyte Biology,1959,2014,2015,2026,3,3,290,42,Declining
Flood Risk Assessment and Management,1959,2014,2015,2026,0,8,0,122,Emerging
Flow Measurement and Analysis,1959,2014,2015,2026,0,1,0,5,Emerging
Fluid Dynamics and Heat Transfer,1959,2014,2015,2026,0,1,0,15,Emerging
Fluoride Effects and Removal,1959,2014,2015,2026,0,4,0,114,Emerging
Focus Groups and Qualitative Methods,1959,2014,2015,2026,1,0,36,0,Declining
Forecasting Techniques and Applications,1959,2014,2015,2026,0,1,0,10,Emerging
Forest Ecology and Biodiversity Studies,1959,2014,2015,2026,1,0,51,0,Declining
Fossil Insects in Amber,1959,2014,2015,2026,1,0,89,0,Declining
Freezing and Crystallization Processes,1959,2014,2015,2026,1,0,1,0,Declining
Fuel Cells and Related Materials,1959,2014,2015,2026,0,2,0,5,Emerging
Fuzzy Logic and Control Systems,1959,2014,2015,2026,0,1,0,29,Emerging
Generative Adversarial Networks and Image Synthesis,1959,2014,2015,2026,0,4,0,17,Emerging
Genomics and Phylogenetic Studies,1959,2014,2015,2026,0,1,0,0,Emerging
Geochemistry and Elemental Analysis,1959,2014,2015,2026,216,640,12203,7580,Declining
Geochemistry and Geochronology of Asian Mineral Deposits,1959,2014,2015,2026,25,60,1629,1639,Growing priority
Geochemistry and Geologic Mapping,1959,2014,2015,2026,15,111,518,1326,Strong surge
Geographic Information Systems Studies,1959,2014,2015,2026,0,1,0,0,Emerging
Geography and Environmental Studies,1959,2014,2015,2026,5,17,36,111,Strong surge
Geological and Geochemical Analysis,1959,2014,2015,2026,245,472,21596,9334,Declining
Geological and Geophysical Studies,1959,2014,2015,2026,286,362,21968,6461,Declining
Geological and Geophysical Studies Worldwide,1959,2014,2015,2026,61,40,4078,535,Declining
Geological and Tectonic Studies in Latin America,1959,2014,2015,2026,9,10,402,123,Declining
Geological formations and processes,1959,2014,2015,2026,573,706,18533,6565,Declining
Geological Formations and Processes Exploration,1959,2014,2015,2026,17,6,190,150,Declining
Geological Modeling and Analysis,1959,2014,2015,2026,44,131,876,630,Declining
Geological Studies and Exploration,1959,2014,2015,2026,466,412,17094,4672,Declining
Geology and Environmental Impact Studies,1959,2014,2015,2026,0,2,0,0,Emerging
Geology and Paleoclimatology Research,1959,2014,2015,2026,182,157,5892,1358,Declining
Geomagnetism and Paleomagnetism Studies,1959,2014,2015,2026,18,11,1103,540,Declining
Geomechanics and Mining Engineering,1959,2014,2015,2026,2,0,42,0,Declining
Geophysical and Geoelectrical Methods,1959,2014,2015,2026,8,41,53,172,Strong surge
Geophysical Methods and Applications,1959,2014,2015,2026,14,37,92,107,Growing priority
Geophysics and Gravity Measurements,1959,2014,2015,2026,1,10,13,29,Strong surge
Geophysics and Sensor Technology,1959,2014,2015,2026,4,17,66,72,Growing priority
Geotechnical and construction materials studies,1959,2014,2015,2026,0,3,0,12,Emerging
Geotechnical and Geomechanical Engineering,1959,2014,2015,2026,1,4,3,10,Strong surge
Geotechnical and Mining Engineering,1959,2014,2015,2026,0,1,0,0,Emerging
Geotechnical Engineering and Soil Mechanics,1959,2014,2015,2026,0,3,0,0,Emerging
Geothermal Energy Systems and Applications,1959,2014,2015,2026,1,21,1,223,Strong surge
Geotourism and Geoheritage Conservation,1959,2014,2015,2026,2,14,4,104,Strong surge
Global Energy and Sustainability Research,1959,2014,2015,2026,12,7,217,35,Declining
Global Energy Security and Policy,1959,2014,2015,2026,3,6,0,63,Strong surge
Global Maritime and Colonial Histories,1959,2014,2015,2026,2,0,34,0,Declining
GNSS positioning and interference,1959,2014,2015,2026,0,2,0,0,Emerging
Granular flow and fluidized beds,1959,2014,2015,2026,0,1,0,0,Emerging
Graph theory and applications,1959,2014,2015,2026,0,1,0,1,Emerging
Groundwater and Isotope Geochemistry,1959,2014,2015,2026,8,65,87,513,Strong surge
Groundwater and Watershed Analysis,1959,2014,2015,2026,2,14,4,128,Strong surge
Groundwater flow and contamination studies,1959,2014,2015,2026,12,27,196,139,Declining
Heavy Metal Pollution Remediation,1959,2014,2015,2026,0,1,0,4,Emerging
Heavy metals in environment,1959,2014,2015,2026,3,9,71,97,Growing priority
High-pressure geophysics and materials,1959,2014,2015,2026,5,17,88,584,Strong surge
Historical and Architectural Studies,1959,2014,2015,2026,0,1,0,1,Emerging
Historical Geography and Geographical Thought,1959,2014,2015,2026,1,0,3,0,Declining
History and Developments in Astronomy,1959,2014,2015,2026,2,0,0,0,Declining
History and Theory of Mathematics,1959,2014,2015,2026,1,0,0,0,Declining
History of Medicine and Tropical Health,1959,2014,2015,2026,1,0,18,0,Declining
History of Medicine Studies,1959,2014,2015,2026,0,1,0,0,Emerging
History of Science and Medicine,1959,2014,2015,2026,6,1,3,0,Declining
History of Science and Natural History,1959,2014,2015,2026,5,5,38,4,Declining
Hybrid Renewable Energy Systems,1959,2014,2015,2026,0,13,0,275,Emerging
Hydraulic Fracturing and Reservoir Analysis,1959,2014,2015,2026,6,96,26,1012,Strong surge
Hydrocarbon exploration and reservoir analysis,1959,2014,2015,2026,356,835,12534,9804,Declining
Hydrogen embrittlement and corrosion behaviors in metals,1959,2014,2015,2026,0,1,0,1,Emerging
Hydrogen Storage and Materials,1959,2014,2015,2026,0,12,0,253,Emerging
Hydrological Forecasting Using AI,1959,2014,2015,2026,0,23,0,541,Emerging
Hydrology and Drought Analysis,1959,2014,2015,2026,0,4,0,6,Emerging
Hydrology and Sediment Transport Processes,1959,2014,2015,2026,3,8,175,269,Growing priority
Hydrology and Watershed Management Studies,1959,2014,2015,2026,0,5,0,66,Emerging
Image and Object Detection Techniques,1959,2014,2015,2026,0,1,0,10,Emerging
Image and Signal Denoising Methods,1959,2014,2015,2026,1,16,0,92,Strong surge
Image Enhancement Techniques,1959,2014,2015,2026,0,4,0,1,Emerging
Image Processing Techniques and Applications,1959,2014,2015,2026,0,2,0,0,Emerging
Impact of Light on Environment and Health,1959,2014,2015,2026,0,1,0,0,Emerging
Industrial Gas Emission Control,1959,2014,2015,2026,0,2,0,33,Emerging
Infrastructure Maintenance and Monitoring,1959,2014,2015,2026,1,0,0,0,Declining
Innovation Diffusion and Forecasting,1959,2014,2015,2026,1,1,14,3,Declining
Innovative concrete reinforcement materials,1959,2014,2015,2026,0,1,0,5,Emerging
Insect-Plant Interactions and Control,1959,2014,2015,2026,0,1,0,0,Emerging
Integrated Energy Systems Optimization,1959,2014,2015,2026,1,0,41,0,Declining
Integrated Water Resources Management,1959,2014,2015,2026,1,4,92,54,Declining
Irrigation Practices and Water Management,1959,2014,2015,2026,0,2,0,34,Emerging
Isotope Analysis in Ecology,1959,2014,2015,2026,0,1,0,21,Emerging
Karst Systems and Hydrogeology,1959,2014,2015,2026,10,21,176,129,Declining
Land Use and Ecosystem Services,1959,2014,2015,2026,0,5,0,44,Emerging
Landslides and related hazards,1959,2014,2015,2026,0,9,0,110,Emerging
Lichen and fungal ecology,1959,2014,2015,2026,0,1,0,0,Emerging
Lignin and Wood Chemistry,1959,2014,2015,2026,1,0,51,0,Declining
Literary Analysis and Cultural Studies,1959,2014,2015,2026,1,0,0,0,Declining
"Literature: history, themes, analysis",1959,2014,2015,2026,1,0,0,0,Declining
Lubricants and Their Additives,1959,2014,2015,2026,0,1,0,39,Emerging
Machine Learning and Data Classification,1959,2014,2015,2026,0,3,0,20,Emerging
Machine Learning and ELM,1959,2014,2015,2026,2,0,5,0,Declining
Machine Learning in Materials Science,1959,2014,2015,2026,0,22,0,678,Emerging
Marine and coastal ecosystems,1959,2014,2015,2026,1,13,0,104,Strong surge
Marine and Coastal Ecosystems,1959,2014,2015,2026,2,4,29,8,Declining
Marine and coastal plant biology,1959,2014,2015,2026,0,5,0,22,Emerging
Marine and environmental studies,1959,2014,2015,2026,138,69,4035,506,Declining
Marine and fisheries research,1959,2014,2015,2026,0,1,0,0,Emerging
Marine and Offshore Engineering Studies,1959,2014,2015,2026,0,1,0,41,Emerging
Marine Biology and Ecology Research,1959,2014,2015,2026,33,85,886,370,Declining
Marine Biology and Environmental Chemistry,1959,2014,2015,2026,0,2,0,1,Emerging
Marine Bivalve and Aquaculture Studies,1959,2014,2015,2026,0,2,0,0,Emerging
Marine Ecology and Invasive Species,1959,2014,2015,2026,0,3,0,2,Emerging
Marine Toxins and Detection Methods,1959,2014,2015,2026,0,1,0,6,Emerging
Maritime and Coastal Archaeology,1959,2014,2015,2026,1,0,15,0,Declining
Maritime Navigation and Safety,1959,2014,2015,2026,0,1,0,41,Emerging
Market Dynamics and Volatility,1959,2014,2015,2026,0,1,0,3,Emerging
Materials Engineering and Processing,1959,2014,2015,2026,0,1,0,10,Emerging
Mathematical Analysis and Transform Methods,1959,2014,2015,2026,1,0,0,0,Declining
Medical Image Segmentation Techniques,1959,2014,2015,2026,0,1,0,0,Emerging
Medical Research and Islamic Perspectives,1959,2014,2015,2026,0,1,0,0,Emerging
Mediterranean and Iberian flora and fauna,1959,2014,2015,2026,1,0,4,0,Declining
Membrane Separation and Gas Transport,1959,2014,2015,2026,0,1,0,18,Emerging
Membrane Separation Technologies,1959,2014,2015,2026,1,8,1,190,Strong surge
Membrane-based Ion Separation Techniques,1959,2014,2015,2026,1,3,3,29,Strong surge
Mercury impact and mitigation studies,1959,2014,2015,2026,0,2,0,0,Emerging
Metal Extraction and Bioleaching,1959,2014,2015,2026,0,1,0,0,Emerging
Metalloenzymes and iron-sulfur proteins,1959,2014,2015,2026,0,1,0,11,Emerging
Metallurgical Processes and Thermodynamics,1959,2014,2015,2026,1,0,223,0,Declining
Metallurgy and Cultural Artifacts,1959,2014,2015,2026,0,1,0,1,Emerging
Methane Hydrates and Related Phenomena,1959,2014,2015,2026,2,9,21,59,Strong surge
Microbial Applications in Construction Materials,1959,2014,2015,2026,0,9,0,132,Emerging
Microbial bioremediation and biosurfactants,1959,2014,2015,2026,0,3,0,49,Emerging
Microbial Community Ecology and Physiology,1959,2014,2015,2026,1,4,4,68,Strong surge
Microplastics and Plastic Pollution,1959,2014,2015,2026,0,6,0,7,Emerging
Middle East and Rwanda Conflicts,1959,2014,2015,2026,2,0,29,0,Declining
Middle East Politics and Society,1959,2014,2015,2026,1,0,6,0,Declining
Mine drainage and remediation techniques,1959,2014,2015,2026,1,2,39,1,Declining
Mineral Processing and Grinding,1959,2014,2015,2026,0,3,0,35,Emerging
Mineralogy and Gemology Studies,1959,2014,2015,2026,6,13,345,216,Declining
Mining and Resource Management,1959,2014,2015,2026,0,3,0,6,Emerging
Model Reduction and Neural Networks,1959,2014,2015,2026,0,3,0,40,Emerging
Mollusks and Parasites Studies,1959,2014,2015,2026,0,1,0,9,Emerging
Molten salt chemistry and electrochemical processes,1959,2014,2015,2026,0,1,0,0,Emerging
Municipal Solid Waste Management,1959,2014,2015,2026,1,0,0,0,Declining
Museums and Cultural Heritage,1959,2014,2015,2026,1,0,1,0,Declining
MXene and MAX Phase Materials,1959,2014,2015,2026,0,1,0,15,Emerging
Nanopore and Nanochannel Transport Studies,1959,2014,2015,2026,0,2,0,5,Emerging
Natural Resources and Economic Development,1959,2014,2015,2026,1,0,0,0,Declining
Neural Networks and Applications,1959,2014,2015,2026,2,3,3,59,Growing priority
NMR spectroscopy and applications,1959,2014,2015,2026,0,5,0,98,Emerging
Nuclear and radioactivity studies,1959,2014,2015,2026,1,1,0,85,Growing priority
Nuclear materials and radiation effects,1959,2014,2015,2026,1,0,25,0,Declining
Numerical methods in inverse problems,1959,2014,2015,2026,2,0,1,0,Declining
Ocean Acidification Effects and Responses,1959,2014,2015,2026,1,1,0,0,Declining
Ocean Waves and Remote Sensing,1959,2014,2015,2026,0,1,0,68,Emerging
Oceanographic and Atmospheric Processes,1959,2014,2015,2026,1,2,0,1,Strong surge
Offshore Engineering and Technologies,1959,2014,2015,2026,0,1,0,0,Emerging
Oil and Gas Production Techniques,1959,2014,2015,2026,1,2,4,5,Growing priority
Oil Spill Detection and Mitigation,1959,2014,2015,2026,0,8,0,246,Emerging
"Oil, Gas, and Environmental Issues",1959,2014,2015,2026,3,2,16,20,Declining
Origins and Evolution of Life,1959,2014,2015,2026,2,2,280,3,Declining
Ovarian function and disorders,1959,2014,2015,2026,1,0,118,0,Declining
Paleontology and Evolutionary Biology,1959,2014,2015,2026,184,134,4755,1379,Declining
Paleontology and Stratigraphy of Fossils,1959,2014,2015,2026,761,832,26362,8276,Declining
Peatlands and Wetlands Ecology,1959,2014,2015,2026,0,1,0,17,Emerging
Per- and polyfluoroalkyl substances research,1959,2014,2015,2026,0,2,0,31,Emerging
Petroleum Processing and Analysis,1959,2014,2015,2026,8,46,244,540,Strong surge
Pharmaceutical and Antibiotic Environmental Impacts,1959,2014,2015,2026,0,11,0,17,Emerging
Philosophy and History of Science,1959,2014,2015,2026,1,0,0,0,Declining
Philosophy and Phenomenology Studies,1959,2014,2015,2026,1,0,0,0,Declining
Physiological and biochemical adaptations,1959,2014,2015,2026,0,10,0,45,Emerging
Planetary Science and Exploration,1959,2014,2015,2026,10,13,104,24,Declining
Plant and Fungal Species Descriptions,1959,2014,2015,2026,0,1,0,0,Emerging
Plant Diversity and Evolution,1959,2014,2015,2026,30,22,838,217,Declining
Plant Reproductive Biology,1959,2014,2015,2026,1,2,6,4,Declining
Pleistocene-Era Hominins and Archaeology,1959,2014,2015,2026,4,6,134,273,Growing priority
Poetry Analysis and Criticism,1959,2014,2015,2026,1,0,0,0,Declining
Point processes and geometric inequalities,1959,2014,2015,2026,0,1,0,0,Emerging
Polar Research and Ecology,1959,2014,2015,2026,1,2,2,0,Declining
Protist diversity and phylogeny,1959,2014,2015,2026,37,28,824,117,Declining
Psychology Research and Bibliometrics,1959,2014,2015,2026,1,1,0,0,Declining
Public Health and Environmental Issues,1959,2014,2015,2026,0,1,0,0,Emerging
Publishing and Scholarly Communication,1959,2014,2015,2026,0,2,0,0,Emerging
Radiation Detection and Scintillator Technologies,1959,2014,2015,2026,0,4,0,0,Emerging
Radiation Dose and Imaging,1959,2014,2015,2026,0,1,0,7,Emerging
Radio Wave Propagation Studies,1959,2014,2015,2026,1,0,11,0,Declining
Radioactive Decay and Measurement Techniques,1959,2014,2015,2026,0,2,0,0,Emerging
Radioactivity and Radon Measurements,1959,2014,2015,2026,0,3,0,7,Emerging
Recycled Aggregate Concrete Performance,1959,2014,2015,2026,0,2,0,36,Emerging
Recycling and utilization of industrial and municipal waste in materials production,1959,2014,2015,2026,1,2,2,30,Strong surge
Regulation and Compliance Studies,1959,2014,2015,2026,0,1,0,0,Emerging
Reinforcement Learning in Robotics,1959,2014,2015,2026,0,1,0,0,Emerging
Remote Sensing and Land Use,1959,2014,2015,2026,2,4,5,15,Strong surge
Remote-Sensing Image Classification,1959,2014,2015,2026,3,19,254,303,Growing priority
Renewable energy and sustainable power systems,1959,2014,2015,2026,2,5,2,74,Strong surge
Reproductive Biology and Fertility,1959,2014,2015,2026,1,0,118,0,Declining
Reproductive Physiology in Livestock,1959,2014,2015,2026,1,0,118,0,Declining
Research Data Management Practices,1959,2014,2015,2026,2,9,0,147,Strong surge
"Research, Science, and Academia",1959,2014,2015,2026,1,2,0,2,Strong surge
Reservoir Engineering and Simulation Methods,1959,2014,2015,2026,8,33,157,428,Strong surge
Rheology and Fluid Dynamics Studies,1959,2014,2015,2026,0,4,0,68,Emerging
Risk Perception and Management,1959,2014,2015,2026,0,1,0,0,Emerging
Robotic Process Automation Applications,1959,2014,2015,2026,0,1,0,0,Emerging
Rock Mechanics and Modeling,1959,2014,2015,2026,6,82,60,693,Strong surge
Science Education and Pedagogy,1959,2014,2015,2026,1,0,0,0,Declining
Scientific Computing and Data Management,1959,2014,2015,2026,1,4,0,147,Strong surge
scientometrics and bibliometrics research,1959,2014,2015,2026,0,5,0,2,Emerging
Seismic Imaging and Inversion Techniques,1959,2014,2015,2026,43,160,343,1272,Strong surge
Seismic Performance and Analysis,1959,2014,2015,2026,1,3,1,25,Strong surge
Seismic Waves and Analysis,1959,2014,2015,2026,32,80,303,433,Growing priority
Seismology and Earthquake Studies,1959,2014,2015,2026,8,16,102,153,Growing priority
Silicon Effects in Agriculture,1959,2014,2015,2026,1,0,0,0,Declining
Social Acceptance of Renewable Energy,1959,2014,2015,2026,1,1,36,0,Declining
Soil and Environmental Studies,1959,2014,2015,2026,7,8,319,107,Declining
Soil and Land Suitability Analysis,1959,2014,2015,2026,0,5,0,52,Emerging
Soil and Unsaturated Flow,1959,2014,2015,2026,1,5,4,29,Strong surge
Soil Carbon and Nitrogen Dynamics,1959,2014,2015,2026,0,4,0,30,Emerging
Soil erosion and sediment transport,1959,2014,2015,2026,0,1,0,40,Emerging
Soil Geostatistics and Mapping,1959,2014,2015,2026,0,2,0,23,Emerging
Soil Moisture and Remote Sensing,1959,2014,2015,2026,0,6,0,1,Emerging
Solar Radiation and Photovoltaics,1959,2014,2015,2026,0,1,0,52,Emerging
Solar Thermal and Photovoltaic Systems,1959,2014,2015,2026,1,0,3,0,Declining
Solar-Powered Water Purification Methods,1959,2014,2015,2026,2,0,4,0,Declining
Space Science and Extraterrestrial Life,1959,2014,2015,2026,2,4,87,13,Declining
Sparse and Compressive Sensing Techniques,1959,2014,2015,2026,0,1,0,26,Emerging
Spatial and Panel Data Analysis,1959,2014,2015,2026,0,1,0,0,Emerging
Species Distribution and Climate Change,1959,2014,2015,2026,0,8,0,5,Emerging
Spectroscopy and Chemometric Analyses,1959,2014,2015,2026,0,4,0,2,Emerging
Spectroscopy Techniques in Biomedical and Chemical Research,1959,2014,2015,2026,5,0,93,0,Declining
Statistical Mechanics and Entropy,1959,2014,2015,2026,1,0,0,0,Declining
Statistical Methods and Applications,1959,2014,2015,2026,0,3,0,14,Emerging
Stochastic processes and statistical mechanics,1959,2014,2015,2026,1,0,0,0,Declining
Stock Market Forecasting Methods,1959,2014,2015,2026,0,1,0,10,Emerging
Supercapacitor Materials and Fabrication,1959,2014,2015,2026,0,1,0,15,Emerging
Surface Modification and Superhydrophobicity,1959,2014,2015,2026,0,3,0,67,Emerging
Surfactants and Colloidal Systems,1959,2014,2015,2026,0,1,0,1,Emerging
Synthetic Aperture Radar (SAR) Applications and Techniques,1959,2014,2015,2026,4,12,0,68,Strong surge
Target Tracking and Data Fusion in Sensor Networks,1959,2014,2015,2026,0,1,0,2,Emerging
Tensor decomposition and applications,1959,2014,2015,2026,0,2,0,34,Emerging
Thermochemical Biomass Conversion Processes,1959,2014,2015,2026,2,3,0,4,Growing priority
Time Series Analysis and Forecasting,1959,2014,2015,2026,0,1,0,0,Emerging
TiO2 Photocatalysis and Solar Cells,1959,2014,2015,2026,0,2,0,6,Emerging
Toxic Organic Pollutants Impact,1959,2014,2015,2026,0,1,0,4,Emerging
Transboundary Water Resource Management,1959,2014,2015,2026,3,1,18,15,Declining
Tree-ring climate responses,1959,2014,2015,2026,1,0,0,0,Declining
Tunneling and Rock Mechanics,1959,2014,2015,2026,2,3,42,3,Declining
UAV Applications and Optimization,1959,2014,2015,2026,0,1,0,6,Emerging
Ultrasonics and Acoustic Wave Propagation,1959,2014,2015,2026,0,3,0,11,Emerging
Underwater Acoustics Research,1959,2014,2015,2026,2,3,0,6,Growing priority
Urban Design and Spatial Analysis,1959,2014,2015,2026,0,1,0,0,Emerging
Urban Heat Island Mitigation,1959,2014,2015,2026,1,4,0,17,Strong surge
Urban Stormwater Management Solutions,1959,2014,2015,2026,1,4,1,9,Strong surge
"Urbanism, Landscape, and Tourism Studies",1959,2014,2015,2026,0,7,0,59,Emerging
Waste Management and Environmental Impact,1959,2014,2015,2026,1,0,0,0,Declining
Wastewater Treatment and Reuse,1959,2014,2015,2026,0,10,0,131,Emerging
Water and Wastewater Treatment,1959,2014,2015,2026,0,1,0,8,Emerging
Water management and technologies,1959,2014,2015,2026,1,4,0,14,Strong surge
Water Quality and Pollution Assessment,1959,2014,2015,2026,0,38,0,571,Emerging
Water Quality and Resources Studies,1959,2014,2015,2026,11,49,115,321,Strong surge
Water Quality Monitoring and Analysis,1959,2014,2015,2026,0,1,0,60,Emerging
Water Resource Management and Quality,1959,2014,2015,2026,0,1,0,4,Emerging
Water Resources and Governance,1959,2014,2015,2026,1,0,1,0,Declining
Water Resources and Sustainability,1959,2014,2015,2026,1,3,0,13,Strong surge
Water resources management and optimization,1959,2014,2015,2026,3,20,97,139,Growing priority
Water Systems and Optimization,1959,2014,2015,2026,0,1,0,5,Emerging
Water Treatment and Disinfection,1959,2014,2015,2026,0,1,0,0,Emerging
Web Applications and Data Management,1959,2014,2015,2026,1,0,1,0,Declining
Web visibility and informetrics,1959,2014,2015,2026,0,1,0,0,Emerging
Wind Energy Research and Development,1959,2014,2015,2026,0,1,0,52,Emerging
Wood Treatment and Properties,1959,2014,2015,2026,1,0,51,0,Declining
X-ray Diffraction in Crystallography,1959,2014,2015,2026,0,8,0,31,Emerging
X-ray Spectroscopy and Fluorescence Analysis,1959,2014,2015,2026,0,7,0,67,Emerging
Zeolite Catalysis and Synthesis,1959,2014,2015,2026,0,4,0,9,Emerging