topic,year,pubs,cites
2D Materials and Applications,2024,1,13
3D Surveying and Cultural Heritage,2015,3,0
3D Surveying and Cultural Heritage,2020,1,0
3D Surveying and Cultural Heritage,2023,3,28
3D Surveying and Cultural Heritage,2024,2,7
Academic and Historical Perspectives in Psychology,2006,1,0
Academic Writing and Publishing,2019,1,0
Additive Manufacturing and 3D Printing Technologies,2025,1,0
Adsorption and biosorption for pollutant removal,2024,1,4
Adsorption and biosorption for pollutant removal,2025,1,0
Adsorption and biosorption for pollutant removal,2026,3,5
Advanced Adaptive Filtering Techniques,2019,1,2
Advanced battery technologies research,2025,2,19
Advanced ceramic materials synthesis,2005,1,2
Advanced ceramic materials synthesis,2016,1,30
Advanced ceramic materials synthesis,2022,1,0
Advanced Fiber Optic Sensors,2019,3,6
Advanced Fiber Optic Sensors,2020,1,11
Advanced Fiber Optic Sensors,2021,1,3
Advanced Fiber Optic Sensors,2025,1,0
Advanced Fiber Optic Sensors,2026,1,0
Advanced Image Processing Techniques,2019,2,0
Advanced Image Processing Techniques,2022,1,8
Advanced Image Processing Techniques,2023,1,12
Advanced machining processes and optimization,2020,1,19
Advanced Mathematical Modeling in Engineering,2016,1,2
Advanced Mathematical Modeling in Engineering,2022,1,0
Advanced Mathematical Modeling in Engineering,2025,1,0
Advanced Mathematical Modeling in Engineering,2026,5,0
Advanced Neural Network Applications,2020,3,96
Advanced Neural Network Applications,2021,2,7
Advanced Neural Network Applications,2022,4,90
Advanced Neural Network Applications,2023,3,34
Advanced Neural Network Applications,2025,4,13
Advanced Neural Network Applications,2026,5,1
Advanced Photocatalysis Techniques,2024,2,16
Advanced Photocatalysis Techniques,2025,1,3
Advanced Signal Processing Techniques,2011,1,0
Aeolian processes and effects,1962,1,14
Aeolian processes and effects,1996,1,0
Aeolian processes and effects,1998,1,0
Aeolian processes and effects,2003,1,6
Aeolian processes and effects,2004,2,70
Aeolian processes and effects,2008,1,9
Aeolian processes and effects,2009,1,58
Aeolian processes and effects,2010,2,15
Aeolian processes and effects,2011,1,0
Aeolian processes and effects,2013,1,75
Aeolian processes and effects,2014,2,3
Aeolian processes and effects,2015,3,194
Aeolian processes and effects,2016,2,11
Aeolian processes and effects,2017,2,40
Aeolian processes and effects,2019,1,6
Aeolian processes and effects,2020,6,41
Aeolian processes and effects,2021,1,5
Aeolian processes and effects,2022,2,11
Aeolian processes and effects,2023,3,14
Aeolian processes and effects,2025,7,6
African Education and Politics,1999,1,0
Air Quality and Health Impacts,2002,1,0
Air Quality and Health Impacts,2019,1,0
Air Quality and Health Impacts,2020,1,32
Air Quality and Health Impacts,2021,1,3
Air Quality Monitoring and Forecasting,2020,1,32
Anaerobic Digestion and Biogas Production,2024,1,8
Analytical Chemistry and Chromatography,2015,4,0
Analytical chemistry methods development,1962,1,0
Analytical chemistry methods development,2020,1,105
Analytical chemistry methods development,2022,1,36
Analytical chemistry methods development,2026,1,0
Animal Ecology and Behavior Studies,2014,1,2
Anomaly Detection Techniques and Applications,2024,2,2
Aquatic Ecosystems and Biodiversity,2010,1,12
Aquatic Ecosystems and Phytoplankton Dynamics,2015,1,6
Archaeological and Geological Studies,2023,1,1
Archaeological Research and Protection,2023,2,4
Archaeology and ancient environmental studies,2017,1,34
Archaeology and ancient environmental studies,2018,2,191
Archaeology and ancient environmental studies,2020,1,0
Archaeology and ancient environmental studies,2023,1,1
Archaeology and ancient environmental studies,2025,1,1
Archaeology and ancient environmental studies,2026,2,0
Archaeology and Cultural Heritage,2010,1,1
Archaeology and Cultural Heritage,2023,1,18
Archaeology and Cultural Heritage,2026,1,2
Archaeology and Historical Studies,1966,1,60
Archaeology and Historical Studies,1968,1,18
Archaeology and Historical Studies,2001,1,3
Archaeology and Historical Studies,2005,1,11
Archaeology and Historical Studies,2012,1,1
Archaeology and Historical Studies,2017,1,34
Archaeology and Historical Studies,2025,1,1
Archaeology and Historical Studies,2026,2,0
Archaeology and Natural History,2001,1,0
Archaeology and Natural History,2020,1,7
Arctic and Antarctic ice dynamics,2016,1,0
Arsenic contamination and mitigation,2015,1,17
Arsenic contamination and mitigation,2025,1,6
Artificial Intelligence Applications,2025,1,3
Artistic and Creative Research,2008,1,0
Asphalt Pavement Performance Evaluation,2025,1,5
Astro and Planetary Science,1989,1,27
Astro and Planetary Science,2004,2,129
Astro and Planetary Science,2005,1,6
Astro and Planetary Science,2006,3,434
Astro and Planetary Science,2007,1,0
Astro and Planetary Science,2008,3,33
Astro and Planetary Science,2009,1,25
Astro and Planetary Science,2010,3,194
Astro and Planetary Science,2011,2,241
Astro and Planetary Science,2012,5,288
Astro and Planetary Science,2014,2,113
Astro and Planetary Science,2015,5,57
Astro and Planetary Science,2017,1,0
Astro and Planetary Science,2018,4,65
Astro and Planetary Science,2019,1,0
Astro and Planetary Science,2020,5,47
Astro and Planetary Science,2021,4,64
Astro and Planetary Science,2022,7,7
Astro and Planetary Science,2023,2,0
Astro and Planetary Science,2024,2,0
Astro and Planetary Science,2025,2,0
Astro and Planetary Science,2026,1,0
Astronomy and Astrophysical Research,2005,1,0
Astrophysics and Star Formation Studies,2008,1,0
Astrophysics and Star Formation Studies,2010,1,0
Astrophysics and Star Formation Studies,2021,1,7
Atmospheric aerosols and clouds,2002,1,0
Atmospheric aerosols and clouds,2009,1,58
Atmospheric aerosols and clouds,2019,1,0
Atmospheric aerosols and clouds,2021,1,3
Atmospheric and Environmental Gas Dynamics,2011,1,8
Atmospheric and Environmental Gas Dynamics,2013,1,0
Atmospheric and Environmental Gas Dynamics,2014,1,2
Atmospheric and Environmental Gas Dynamics,2015,10,58
Atmospheric and Environmental Gas Dynamics,2016,2,98
Atmospheric and Environmental Gas Dynamics,2017,1,0
Atmospheric and Environmental Gas Dynamics,2018,1,27
Atmospheric and Environmental Gas Dynamics,2019,1,0
Atmospheric and Environmental Gas Dynamics,2022,2,47
Atmospheric and Environmental Gas Dynamics,2026,1,0
Atmospheric chemistry and aerosols,2002,1,0
Atmospheric chemistry and aerosols,2009,2,89
Atmospheric chemistry and aerosols,2019,1,0
Atmospheric chemistry and aerosols,2021,1,3
Bauxite Residue and Utilization,2025,1,4
Big Data Technologies and Applications,2019,1,4
Biographical and Historical Analysis,1982,1,0
Biographical and Historical Analysis,1997,2,0
Biographical and Historical Analysis,2015,1,0
Biographical and Historical Analysis,2020,1,0
Botany and Plant Ecology Studies,1980,1,8
Botany and Plant Ecology Studies,2015,1,3
Building materials and conservation,2021,1,23
Building materials and conservation,2026,1,0
Calcium Carbonate Crystallization and Inhibition,2005,1,0
Calcium Carbonate Crystallization and Inhibition,2011,1,32
Calcium Carbonate Crystallization and Inhibition,2015,3,0
Calcium Carbonate Crystallization and Inhibition,2017,1,0
Calcium Carbonate Crystallization and Inhibition,2020,2,1
Calcium Carbonate Crystallization and Inhibition,2021,1,15
Calcium Carbonate Crystallization and Inhibition,2022,3,43
Calcium Carbonate Crystallization and Inhibition,2023,1,14
Calcium Carbonate Crystallization and Inhibition,2024,3,18
Calcium Carbonate Crystallization and Inhibition,2025,3,5
Calcium Carbonate Crystallization and Inhibition,2026,3,1
Carbon Dioxide Capture Technologies,2009,2,214
Carbon Dioxide Capture Technologies,2011,1,0
Carbon Dioxide Capture Technologies,2012,1,0
Carbon Dioxide Capture Technologies,2013,4,7
Carbon Dioxide Capture Technologies,2018,3,14
Carbon Dioxide Capture Technologies,2020,2,32
Carbon Dioxide Capture Technologies,2022,6,200
Carbon Dioxide Capture Technologies,2023,2,85
Carbon Dioxide Capture Technologies,2024,8,57
Carbon Dioxide Capture Technologies,2025,10,37
Carbon Dioxide Capture Technologies,2026,3,1
Carbon dioxide utilization in catalysis,2024,3,32
Carbon dioxide utilization in catalysis,2025,3,19
Catalysis and Hydrodesulfurization Studies,1990,1,0
Catalysis and Hydrodesulfurization Studies,2021,1,22
Catalysis and Hydrodesulfurization Studies,2022,1,47
Catalysis and Hydrodesulfurization Studies,2024,2,33
Catalysis and Hydrodesulfurization Studies,2025,1,8
Catalysis and Hydrodesulfurization Studies,2026,1,0
Catalysts for Methane Reforming,2024,1,4
Cell Image Analysis Techniques,2020,1,0
Cell Image Analysis Techniques,2021,2,7
Cell Image Analysis Techniques,2025,1,0
Cell Image Analysis Techniques,2026,2,0
Cephalopods and Marine Biology,2008,1,14
Chemical Analysis and Environmental Impact,2024,2,31
Clay minerals and soil interactions,2005,1,2
Clay minerals and soil interactions,2013,1,41
Clay minerals and soil interactions,2017,1,7
Clay minerals and soil interactions,2022,1,10
Clay minerals and soil interactions,2025,6,49
Clay minerals and soil interactions,2026,3,1
Climate Change and Environmental Impact,2003,1,0
Climate Change and Environmental Impact,2018,2,3
Climate Change and Geoengineering,2012,1,0
Climate Change and Geoengineering,2013,1,4
Climate Change and Geoengineering,2018,2,10
Climate Change and Geoengineering,2024,1,5
Climate change and permafrost,2001,1,7
Climate change and permafrost,2006,1,8
Climate change and permafrost,2011,1,8
Climate change and permafrost,2021,1,87
Climate Change Policy and Economics,2011,1,0
Climate Change Policy and Economics,2013,2,2
Climate Change Policy and Economics,2018,2,11
Climate Change Policy and Economics,2019,1,55
Climate Change Policy and Economics,2022,1,86
Climate Change Policy and Economics,2025,1,16
Climate variability and models,2003,1,0
Climate variability and models,2007,1,0
Climate variability and models,2016,1,134
Climate variability and models,2017,2,0
Climate variability and models,2018,1,0
Climate variability and models,2025,1,3
CO2 Reduction Techniques and Catalysts,2024,3,20
CO2 Reduction Techniques and Catalysts,2025,2,14
CO2 Reduction Techniques and Catalysts,2026,1,0
CO2 Sequestration and Geologic Interactions,1999,1,240
CO2 Sequestration and Geologic Interactions,2005,1,5
CO2 Sequestration and Geologic Interactions,2008,1,0
CO2 Sequestration and Geologic Interactions,2009,3,214
CO2 Sequestration and Geologic Interactions,2011,2,8
CO2 Sequestration and Geologic Interactions,2012,1,0
CO2 Sequestration and Geologic Interactions,2013,6,52
CO2 Sequestration and Geologic Interactions,2014,2,34
CO2 Sequestration and Geologic Interactions,2015,2,19
CO2 Sequestration and Geologic Interactions,2016,2,28
CO2 Sequestration and Geologic Interactions,2017,3,57
CO2 Sequestration and Geologic Interactions,2018,8,109
CO2 Sequestration and Geologic Interactions,2019,3,88
CO2 Sequestration and Geologic Interactions,2020,7,137
CO2 Sequestration and Geologic Interactions,2021,14,79
CO2 Sequestration and Geologic Interactions,2022,10,233
CO2 Sequestration and Geologic Interactions,2023,20,643
CO2 Sequestration and Geologic Interactions,2024,34,416
CO2 Sequestration and Geologic Interactions,2025,28,97
CO2 Sequestration and Geologic Interactions,2026,17,5
Coal and Its By-products,1990,1,0
Coal and Its By-products,2008,1,39
Coal and Its By-products,2009,2,80
Coal and Its By-products,2010,1,8
Coal and Its By-products,2011,2,122
Coal and Its By-products,2012,4,183
Coal and Its By-products,2013,6,233
Coal and Its By-products,2014,6,167
Coal and Its By-products,2015,7,142
Coal and Its By-products,2016,4,155
Coal and Its By-products,2017,4,93
Coal and Its By-products,2018,5,207
Coal and Its By-products,2019,3,80
Coal and Its By-products,2020,2,34
Coal and Its By-products,2021,4,16
Coal and Its By-products,2022,9,97
Coal and Its By-products,2023,2,14
Coal and Its By-products,2024,10,32
Coal and Its By-products,2025,9,31
Coal and Its By-products,2026,6,8
Coal Properties and Utilization,2012,2,69
Coal Properties and Utilization,2013,2,109
Coal Properties and Utilization,2014,2,19
Coal Properties and Utilization,2015,1,21
Coal Properties and Utilization,2017,2,38
Coal Properties and Utilization,2018,1,12
Coal Properties and Utilization,2022,2,6
Coal Properties and Utilization,2023,2,2
Coal Properties and Utilization,2025,1,5
Coal Properties and Utilization,2026,1,0
Coastal and Marine Dynamics,1976,1,21
Coastal and Marine Dynamics,1994,1,430
Coastal and Marine Dynamics,1997,1,0
Coastal and Marine Dynamics,2003,2,11
Coastal and Marine Dynamics,2004,1,67
Coastal and Marine Dynamics,2013,1,75
Coastal and Marine Dynamics,2016,1,11
Coastal and Marine Dynamics,2018,1,16
Coastal and Marine Dynamics,2019,1,16
Coastal and Marine Dynamics,2022,3,26
Coastal and Marine Dynamics,2023,3,37
Coastal and Marine Dynamics,2024,2,12
Coastal and Marine Dynamics,2025,2,0
Coastal and Marine Dynamics,2026,2,2
Coastal and Marine Management,2021,2,0
Coastal wetland ecosystem dynamics,1997,1,0
Coastal wetland ecosystem dynamics,1999,1,6
Coastal wetland ecosystem dynamics,2011,1,5
Coastal wetland ecosystem dynamics,2019,2,11
Coastal wetland ecosystem dynamics,2020,1,15
Coastal wetland ecosystem dynamics,2022,1,1
Coastal wetland ecosystem dynamics,2023,1,17
Coastal wetland ecosystem dynamics,2024,1,4
Coastal wetland ecosystem dynamics,2025,3,18
Coastal wetland ecosystem dynamics,2026,1,0
Color Science and Applications,2015,2,0
Complex Systems and Time Series Analysis,2005,1,0
Composite Material Mechanics,2026,1,0
Computer Graphics and Visualization Techniques,2017,1,1
Concrete and Cement Materials Research,2016,2,37
Concrete and Cement Materials Research,2017,1,3
Concrete and Cement Materials Research,2022,3,36
Concrete and Cement Materials Research,2025,5,3
Concrete and Cement Materials Research,2026,1,0
Concrete Properties and Behavior,2022,1,26
Conferences and Exhibitions Management,1994,1,0
Coral and Marine Ecosystems Studies,2001,1,85
Coral and Marine Ecosystems Studies,2004,1,0
Coral and Marine Ecosystems Studies,2015,4,17
Coral and Marine Ecosystems Studies,2016,1,0
Coral and Marine Ecosystems Studies,2017,1,8
Coral and Marine Ecosystems Studies,2018,2,27
Coral and Marine Ecosystems Studies,2019,1,0
Coral and Marine Ecosystems Studies,2021,2,0
Coral and Marine Ecosystems Studies,2022,3,1
Coral and Marine Ecosystems Studies,2023,2,1
Coral and Marine Ecosystems Studies,2024,3,12
Coral and Marine Ecosystems Studies,2025,4,3
Coral and Marine Ecosystems Studies,2026,3,1
COVID-19 impact on air quality,2023,1,14
Crustacean biology and ecology,2024,2,9
Cryospheric studies and observations,1981,1,4
Cryospheric studies and observations,2002,1,0
Cultural Heritage Materials Analysis,2010,2,6
Cultural Heritage Materials Analysis,2015,4,0
Cultural Heritage Materials Analysis,2024,1,0
Data Visualization and Analytics,2025,1,0
Digital and Traditional Archives Management,2025,1,0
Digital and Traditional Archives Management,2026,1,0
Digital Filter Design and Implementation,2011,1,0
Digital Filter Design and Implementation,2015,1,0
Digital Holography and Microscopy,2025,1,0
Direction-of-Arrival Estimation Techniques,2011,1,2
Direction-of-Arrival Estimation Techniques,2018,1,1
Direction-of-Arrival Estimation Techniques,2019,1,1
Disaster Management and Resilience,2026,1,0
Diverse Historical and Scientific Studies,2017,1,4
Domain Adaptation and Few-Shot Learning,2020,1,0
Domain Adaptation and Few-Shot Learning,2022,1,18
Domain Adaptation and Few-Shot Learning,2023,1,14
Domain Adaptation and Few-Shot Learning,2025,1,0
Drilling and Well Engineering,2010,2,4
Drilling and Well Engineering,2015,6,0
Drilling and Well Engineering,2018,2,24
Drilling and Well Engineering,2019,4,75
Drilling and Well Engineering,2020,4,103
Drilling and Well Engineering,2022,4,38
Drilling and Well Engineering,2023,4,37
Drilling and Well Engineering,2024,2,5
Drilling and Well Engineering,2025,3,16
Drilling and Well Engineering,2026,2,1
Earth Systems and Cosmic Evolution,2010,2,41
Earth Systems and Cosmic Evolution,2013,1,1
Earth Systems and Cosmic Evolution,2018,4,5
Earth Systems and Cosmic Evolution,2023,1,0
Earth Systems and Cosmic Evolution,2025,1,0
Earthquake and Disaster Impact Studies,2023,1,11
earthquake and tectonic studies,1996,1,1
earthquake and tectonic studies,1999,1,49
earthquake and tectonic studies,2002,2,29
earthquake and tectonic studies,2007,1,0
earthquake and tectonic studies,2009,2,0
earthquake and tectonic studies,2013,2,11
earthquake and tectonic studies,2014,2,30
earthquake and tectonic studies,2015,7,141
earthquake and tectonic studies,2016,2,15
earthquake and tectonic studies,2017,5,184
earthquake and tectonic studies,2018,3,1
earthquake and tectonic studies,2020,1,1
earthquake and tectonic studies,2021,5,4
earthquake and tectonic studies,2022,11,229
earthquake and tectonic studies,2023,5,55
earthquake and tectonic studies,2024,3,4
earthquake and tectonic studies,2025,2,2
earthquake and tectonic studies,2026,1,0
Earthquake and Tsunami Effects,2026,1,2
Echinoderm biology and ecology,2016,1,30
Echinoderm biology and ecology,2017,1,0
Echinoderm biology and ecology,2019,1,6
Ecology and biodiversity studies,2014,1,2
Economic and Environmental Valuation,2013,1,36
Ecosystem dynamics and resilience,2018,1,0
Effects and risks of endocrine disrupting chemicals,2025,1,0
Elasticity and Wave Propagation,2021,1,8
Elasticity and Wave Propagation,2024,1,2
Electrical and Bioimpedance Tomography,2024,1,0
Electrocatalysts for Energy Conversion,2024,2,9
Electrocatalysts for Energy Conversion,2025,2,15
Electrocatalysts for Energy Conversion,2026,1,0
Electron and X-Ray Spectroscopy Techniques,2005,1,8
Electron and X-Ray Spectroscopy Techniques,2016,1,29
Electron and X-Ray Spectroscopy Techniques,2022,1,0
Energy and Environment Impacts,2021,1,14
Energy Law and Policy,2012,1,0
Energy Law and Policy,2015,1,0
Energy Load and Power Forecasting,2021,2,62
"Energy, Environment, Economic Growth",2013,1,1
"Energy, Environment, Economic Growth",2018,1,5
Engineering and Agricultural Innovations,2020,2,8
Engineering Education and Curriculum Development,1999,1,0
Enhanced Oil Recovery Techniques,2003,1,63
Enhanced Oil Recovery Techniques,2005,1,5
Enhanced Oil Recovery Techniques,2006,1,25
Enhanced Oil Recovery Techniques,2007,1,0
Enhanced Oil Recovery Techniques,2009,1,0
Enhanced Oil Recovery Techniques,2010,1,1
Enhanced Oil Recovery Techniques,2011,1,9
Enhanced Oil Recovery Techniques,2012,2,20
Enhanced Oil Recovery Techniques,2013,2,25
Enhanced Oil Recovery Techniques,2014,4,29
Enhanced Oil Recovery Techniques,2015,4,10
Enhanced Oil Recovery Techniques,2017,4,14
Enhanced Oil Recovery Techniques,2018,2,70
Enhanced Oil Recovery Techniques,2019,6,102
Enhanced Oil Recovery Techniques,2020,7,176
Enhanced Oil Recovery Techniques,2021,7,123
Enhanced Oil Recovery Techniques,2022,10,145
Enhanced Oil Recovery Techniques,2023,17,232
Enhanced Oil Recovery Techniques,2024,13,71
Enhanced Oil Recovery Techniques,2025,18,45
Enhanced Oil Recovery Techniques,2026,15,0
Environmental and Analytical Chemistry Studies,2022,3,37
Environmental and Analytical Chemistry Studies,2026,1,0
Environmental and Biological Research in Conflict Zones,2019,1,0
Environmental Changes in China,2023,2,13
Environmental DNA in Biodiversity Studies,2025,1,2
Environmental DNA in Biodiversity Studies,2026,1,0
Environmental Impact and Sustainability,2022,1,86
Environmental Impact and Sustainability,2026,1,0
Environmental law and policy,2001,1,1
Environmental Monitoring and Data Management,2003,1,0
Environmental Monitoring and Data Management,2018,1,0
Environmental Monitoring and Data Management,2020,1,17
Environmental Monitoring and Data Management,2021,2,130
Environmental Monitoring and Data Management,2025,2,4
Environmental remediation with nanomaterials,2024,1,4
Environmental remediation with nanomaterials,2025,1,0
Environmental remediation with nanomaterials,2026,3,5
Environmental Science and Water Management,2001,1,0
Environmental Science and Water Management,2003,1,92
Environmental Science and Water Management,2020,7,81
Environmental Toxicology and Ecotoxicology,1998,1,260
Environmental Toxicology and Ecotoxicology,1999,1,6
Environmental Toxicology and Ecotoxicology,2016,1,9
Environmental Toxicology and Ecotoxicology,2017,2,8
Environmental Toxicology and Ecotoxicology,2018,1,0
Environmental Toxicology and Ecotoxicology,2019,1,20
Environmental Toxicology and Ecotoxicology,2024,1,4
Environmental Toxicology and Ecotoxicology,2025,1,28
Environmental Toxicology and Ecotoxicology,2026,2,0
Enzyme function and inhibition,2025,1,1
Eurasian Exchange Networks,2018,1,0
Evolution and Paleontology Studies,1959,1,2
Evolution and Paleontology Studies,1960,1,2
Evolution and Paleontology Studies,1962,2,4
Evolution and Paleontology Studies,1964,1,1
Evolution and Paleontology Studies,1966,1,3
Evolution and Paleontology Studies,1972,1,58
Evolution and Paleontology Studies,1976,1,20
Evolution and Paleontology Studies,1979,1,3
Evolution and Paleontology Studies,1982,1,48
Evolution and Paleontology Studies,1985,2,83
Evolution and Paleontology Studies,1987,5,84
Evolution and Paleontology Studies,1989,4,110
Evolution and Paleontology Studies,1990,1,27
Evolution and Paleontology Studies,1991,3,24
Evolution and Paleontology Studies,1992,3,22
Evolution and Paleontology Studies,1993,2,44
Evolution and Paleontology Studies,1994,3,56
Evolution and Paleontology Studies,1995,6,170
Evolution and Paleontology Studies,1996,4,85
Evolution and Paleontology Studies,1997,9,423
Evolution and Paleontology Studies,1998,6,108
Evolution and Paleontology Studies,1999,7,126
Evolution and Paleontology Studies,2000,6,142
Evolution and Paleontology Studies,2001,3,131
Evolution and Paleontology Studies,2002,1,0
Evolution and Paleontology Studies,2003,1,0
Evolution and Paleontology Studies,2004,6,249
Evolution and Paleontology Studies,2005,10,215
Evolution and Paleontology Studies,2006,7,105
Evolution and Paleontology Studies,2007,9,256
Evolution and Paleontology Studies,2008,8,280
Evolution and Paleontology Studies,2009,8,309
Evolution and Paleontology Studies,2010,8,150
Evolution and Paleontology Studies,2011,9,133
Evolution and Paleontology Studies,2012,4,57
Evolution and Paleontology Studies,2013,5,122
Evolution and Paleontology Studies,2014,10,294
Evolution and Paleontology Studies,2015,4,23
Evolution and Paleontology Studies,2016,6,89
Evolution and Paleontology Studies,2017,10,114
Evolution and Paleontology Studies,2018,8,53
Evolution and Paleontology Studies,2019,8,218
Evolution and Paleontology Studies,2020,6,97
Evolution and Paleontology Studies,2021,8,47
Evolution and Paleontology Studies,2022,11,148
Evolution and Paleontology Studies,2023,8,10
Evolution and Paleontology Studies,2024,5,7
Evolution and Paleontology Studies,2025,14,16
Evolution and Paleontology Studies,2026,8,0
Experimental and Theoretical Physics Studies,1997,1,0
Explainable Artificial Intelligence (XAI),2025,1,0
Explainable Artificial Intelligence (XAI),2026,1,0
Extraction and Separation Processes,2023,1,6
Extraction and Separation Processes,2025,1,0
Extraction and Separation Processes,2026,1,0
Fecal contamination and water quality,2026,1,0
Fern and Epiphyte Biology,2008,1,11
Fern and Epiphyte Biology,2009,2,279
Fern and Epiphyte Biology,2017,2,42
Fern and Epiphyte Biology,2018,1,0
Flood Risk Assessment and Management,2020,1,0
Flood Risk Assessment and Management,2022,1,68
Flood Risk Assessment and Management,2023,1,34
Flood Risk Assessment and Management,2024,1,18
Flood Risk Assessment and Management,2025,1,0
Flood Risk Assessment and Management,2026,3,2
Flow Measurement and Analysis,2019,1,5
Fluid Dynamics and Heat Transfer,2020,1,15
Fluoride Effects and Removal,2019,1,2
Fluoride Effects and Removal,2023,1,81
Fluoride Effects and Removal,2024,2,31
Focus Groups and Qualitative Methods,2013,1,36
Forecasting Techniques and Applications,2021,1,10
Forest Ecology and Biodiversity Studies,2005,1,51
Fossil Insects in Amber,2010,1,89
Freezing and Crystallization Processes,2001,1,1
Fuel Cells and Related Materials,2024,1,5
Fuel Cells and Related Materials,2026,1,0
Fuzzy Logic and Control Systems,2019,1,29
Generative Adversarial Networks and Image Synthesis,2022,1,1
Generative Adversarial Networks and Image Synthesis,2023,1,14
Generative Adversarial Networks and Image Synthesis,2024,2,2
Genomics and Phylogenetic Studies,2026,1,0
Geochemistry and Elemental Analysis,1962,1,14
Geochemistry and Elemental Analysis,1972,1,15
Geochemistry and Elemental Analysis,1977,1,4
Geochemistry and Elemental Analysis,1980,1,21
Geochemistry and Elemental Analysis,1982,3,57
Geochemistry and Elemental Analysis,1983,1,62
Geochemistry and Elemental Analysis,1984,1,15
Geochemistry and Elemental Analysis,1985,1,20
Geochemistry and Elemental Analysis,1986,2,30
Geochemistry and Elemental Analysis,1987,4,7
Geochemistry and Elemental Analysis,1988,1,223
Geochemistry and Elemental Analysis,1989,6,60
Geochemistry and Elemental Analysis,1990,2,19
Geochemistry and Elemental Analysis,1991,5,118
Geochemistry and Elemental Analysis,1992,1,1
Geochemistry and Elemental Analysis,1994,3,99
Geochemistry and Elemental Analysis,1995,3,26
Geochemistry and Elemental Analysis,1996,4,95
Geochemistry and Elemental Analysis,1998,3,63
Geochemistry and Elemental Analysis,1999,3,73
Geochemistry and Elemental Analysis,2001,8,132
Geochemistry and Elemental Analysis,2002,3,307
Geochemistry and Elemental Analysis,2003,6,538
Geochemistry and Elemental Analysis,2004,8,819
Geochemistry and Elemental Analysis,2005,8,549
Geochemistry and Elemental Analysis,2006,15,654
Geochemistry and Elemental Analysis,2007,9,817
Geochemistry and Elemental Analysis,2008,10,555
Geochemistry and Elemental Analysis,2009,9,455
Geochemistry and Elemental Analysis,2010,13,1257
Geochemistry and Elemental Analysis,2011,14,1477
Geochemistry and Elemental Analysis,2012,13,862
Geochemistry and Elemental Analysis,2013,20,1129
Geochemistry and Elemental Analysis,2014,33,1630
Geochemistry and Elemental Analysis,2015,47,986
Geochemistry and Elemental Analysis,2016,45,1161
Geochemistry and Elemental Analysis,2017,38,826
Geochemistry and Elemental Analysis,2018,44,788
Geochemistry and Elemental Analysis,2019,45,500
Geochemistry and Elemental Analysis,2020,63,796
Geochemistry and Elemental Analysis,2021,61,672
Geochemistry and Elemental Analysis,2022,79,769
Geochemistry and Elemental Analysis,2023,52,495
Geochemistry and Elemental Analysis,2024,65,380
Geochemistry and Elemental Analysis,2025,63,181
Geochemistry and Elemental Analysis,2026,38,26
Geochemistry and Geochronology of Asian Mineral Deposits,1983,1,2
Geochemistry and Geochronology of Asian Mineral Deposits,1984,1,15
Geochemistry and Geochronology of Asian Mineral Deposits,1985,1,2
Geochemistry and Geochronology of Asian Mineral Deposits,1988,1,153
Geochemistry and Geochronology of Asian Mineral Deposits,1990,1,4
Geochemistry and Geochronology of Asian Mineral Deposits,1995,1,5
Geochemistry and Geochronology of Asian Mineral Deposits,2004,1,30
Geochemistry and Geochronology of Asian Mineral Deposits,2005,2,149
Geochemistry and Geochronology of Asian Mineral Deposits,2006,2,179
Geochemistry and Geochronology of Asian Mineral Deposits,2008,1,237
Geochemistry and Geochronology of Asian Mineral Deposits,2009,1,115
Geochemistry and Geochronology of Asian Mineral Deposits,2010,1,10
Geochemistry and Geochronology of Asian Mineral Deposits,2011,2,198
Geochemistry and Geochronology of Asian Mineral Deposits,2012,1,4
Geochemistry and Geochronology of Asian Mineral Deposits,2013,3,195
Geochemistry and Geochronology of Asian Mineral Deposits,2014,5,331
Geochemistry and Geochronology of Asian Mineral Deposits,2015,5,362
Geochemistry and Geochronology of Asian Mineral Deposits,2016,2,69
Geochemistry and Geochronology of Asian Mineral Deposits,2017,10,362
Geochemistry and Geochronology of Asian Mineral Deposits,2018,11,329
Geochemistry and Geochronology of Asian Mineral Deposits,2019,9,221
Geochemistry and Geochronology of Asian Mineral Deposits,2020,2,32
Geochemistry and Geochronology of Asian Mineral Deposits,2021,5,138
Geochemistry and Geochronology of Asian Mineral Deposits,2022,2,23
Geochemistry and Geochronology of Asian Mineral Deposits,2023,3,26
Geochemistry and Geochronology of Asian Mineral Deposits,2024,7,63
Geochemistry and Geochronology of Asian Mineral Deposits,2025,3,12
Geochemistry and Geochronology of Asian Mineral Deposits,2026,1,2
Geochemistry and Geologic Mapping,1982,1,0
Geochemistry and Geologic Mapping,1990,3,4
Geochemistry and Geologic Mapping,1991,1,1
Geochemistry and Geologic Mapping,2003,1,136
Geochemistry and Geologic Mapping,2010,1,10
Geochemistry and Geologic Mapping,2011,2,161
Geochemistry and Geologic Mapping,2012,1,31
Geochemistry and Geologic Mapping,2013,2,103
Geochemistry and Geologic Mapping,2014,3,72
Geochemistry and Geologic Mapping,2015,3,45
Geochemistry and Geologic Mapping,2016,2,41
Geochemistry and Geologic Mapping,2017,7,165
Geochemistry and Geologic Mapping,2018,11,110
Geochemistry and Geologic Mapping,2019,6,260
Geochemistry and Geologic Mapping,2020,13,166
Geochemistry and Geologic Mapping,2021,10,178
Geochemistry and Geologic Mapping,2022,13,104
Geochemistry and Geologic Mapping,2023,7,127
Geochemistry and Geologic Mapping,2024,15,88
Geochemistry and Geologic Mapping,2025,15,41
Geochemistry and Geologic Mapping,2026,9,1
Geographic Information Systems Studies,2025,1,0
Geography and Environmental Studies,1980,1,8
Geography and Environmental Studies,2001,1,3
Geography and Environmental Studies,2003,2,11
Geography and Environmental Studies,2013,1,14
Geography and Environmental Studies,2016,1,0
Geography and Environmental Studies,2022,2,31
Geography and Environmental Studies,2023,2,35
Geography and Environmental Studies,2024,4,38
Geography and Environmental Studies,2025,4,5
Geography and Environmental Studies,2026,4,2
Geological and Geochemical Analysis,1962,1,0
Geological and Geochemical Analysis,1969,1,94
Geological and Geochemical Analysis,1978,1,0
Geological and Geochemical Analysis,1981,1,0
Geological and Geochemical Analysis,1982,1,0
Geological and Geochemical Analysis,1983,1,2
Geological and Geochemical Analysis,1984,1,15
Geological and Geochemical Analysis,1985,4,20
Geological and Geochemical Analysis,1987,2,41
Geological and Geochemical Analysis,1988,4,508
Geological and Geochemical Analysis,1989,2,131
Geological and Geochemical Analysis,1990,5,38
Geological and Geochemical Analysis,1991,3,52
Geological and Geochemical Analysis,1992,1,1
Geological and Geochemical Analysis,1994,2,186
Geological and Geochemical Analysis,1995,2,82
Geological and Geochemical Analysis,1996,2,261
Geological and Geochemical Analysis,1997,2,188
Geological and Geochemical Analysis,1998,2,272
Geological and Geochemical Analysis,1999,3,144
Geological and Geochemical Analysis,2000,5,546
Geological and Geochemical Analysis,2001,10,255
Geological and Geochemical Analysis,2002,7,495
Geological and Geochemical Analysis,2003,19,1415
Geological and Geochemical Analysis,2004,12,1085
Geological and Geochemical Analysis,2005,12,1514
Geological and Geochemical Analysis,2006,14,881
Geological and Geochemical Analysis,2007,15,4435
Geological and Geochemical Analysis,2008,16,883
Geological and Geochemical Analysis,2009,15,679
Geological and Geochemical Analysis,2010,12,1155
Geological and Geochemical Analysis,2011,16,2205
Geological and Geochemical Analysis,2012,12,945
Geological and Geochemical Analysis,2013,15,1645
Geological and Geochemical Analysis,2014,24,1423
Geological and Geochemical Analysis,2015,34,1526
Geological and Geochemical Analysis,2016,28,685
Geological and Geochemical Analysis,2017,38,1774
Geological and Geochemical Analysis,2018,53,1443
Geological and Geochemical Analysis,2019,36,868
Geological and Geochemical Analysis,2020,52,1341
Geological and Geochemical Analysis,2021,47,669
Geological and Geochemical Analysis,2022,44,398
Geological and Geochemical Analysis,2023,41,300
Geological and Geochemical Analysis,2024,41,246
Geological and Geochemical Analysis,2025,40,77
Geological and Geochemical Analysis,2026,18,7
Geological and Geophysical Studies,1966,2,117
Geological and Geophysical Studies,1969,1,94
Geological and Geophysical Studies,1970,1,106
Geological and Geophysical Studies,1972,1,58
Geological and Geophysical Studies,1977,3,122
Geological and Geophysical Studies,1979,1,0
Geological and Geophysical Studies,1981,3,38
Geological and Geophysical Studies,1982,1,23
Geological and Geophysical Studies,1984,1,9
Geological and Geophysical Studies,1985,4,100
Geological and Geophysical Studies,1986,3,15
Geological and Geophysical Studies,1987,2,42
Geological and Geophysical Studies,1988,2,175
Geological and Geophysical Studies,1989,5,605
Geological and Geophysical Studies,1990,12,489
Geological and Geophysical Studies,1991,24,680
Geological and Geophysical Studies,1992,7,383
Geological and Geophysical Studies,1993,1,77
Geological and Geophysical Studies,1994,4,308
Geological and Geophysical Studies,1995,6,203
Geological and Geophysical Studies,1996,6,382
Geological and Geophysical Studies,1997,9,520
Geological and Geophysical Studies,1998,6,350
Geological and Geophysical Studies,1999,4,193
Geological and Geophysical Studies,2000,5,624
Geological and Geophysical Studies,2001,8,809
Geological and Geophysical Studies,2002,5,477
Geological and Geophysical Studies,2003,29,1624
Geological and Geophysical Studies,2004,10,866
Geological and Geophysical Studies,2005,4,1131
Geological and Geophysical Studies,2006,8,339
Geological and Geophysical Studies,2007,11,4158
Geological and Geophysical Studies,2008,11,586
Geological and Geophysical Studies,2009,9,464
Geological and Geophysical Studies,2010,13,1108
Geological and Geophysical Studies,2011,12,1563
Geological and Geophysical Studies,2012,11,657
Geological and Geophysical Studies,2013,15,1350
Geological and Geophysical Studies,2014,26,1123
Geological and Geophysical Studies,2015,83,1213
Geological and Geophysical Studies,2016,19,446
Geological and Geophysical Studies,2017,28,1497
Geological and Geophysical Studies,2018,31,988
Geological and Geophysical Studies,2019,14,289
Geological and Geophysical Studies,2020,38,904
Geological and Geophysical Studies,2021,35,278
Geological and Geophysical Studies,2022,27,357
Geological and Geophysical Studies,2023,19,236
Geological and Geophysical Studies,2024,27,199
Geological and Geophysical Studies,2025,28,53
Geological and Geophysical Studies,2026,13,1
Geological and Geophysical Studies Worldwide,1978,1,0
Geological and Geophysical Studies Worldwide,1979,1,0
Geological and Geophysical Studies Worldwide,1989,2,38
Geological and Geophysical Studies Worldwide,1991,2,0
Geological and Geophysical Studies Worldwide,1996,1,249
Geological and Geophysical Studies Worldwide,1997,2,188
Geological and Geophysical Studies Worldwide,1998,3,279
Geological and Geophysical Studies Worldwide,1999,5,188
Geological and Geophysical Studies Worldwide,2000,5,205
Geological and Geophysical Studies Worldwide,2001,2,123
Geological and Geophysical Studies Worldwide,2002,2,24
Geological and Geophysical Studies Worldwide,2003,7,326
Geological and Geophysical Studies Worldwide,2004,3,366
Geological and Geophysical Studies Worldwide,2005,4,205
Geological and Geophysical Studies Worldwide,2006,3,90
Geological and Geophysical Studies Worldwide,2007,3,66
Geological and Geophysical Studies Worldwide,2008,6,330
Geological and Geophysical Studies Worldwide,2009,1,44
Geological and Geophysical Studies Worldwide,2011,1,0
Geological and Geophysical Studies Worldwide,2012,2,472
Geological and Geophysical Studies Worldwide,2013,3,829
Geological and Geophysical Studies Worldwide,2014,2,56
Geological and Geophysical Studies Worldwide,2015,3,183
Geological and Geophysical Studies Worldwide,2016,6,51
Geological and Geophysical Studies Worldwide,2017,1,39
Geological and Geophysical Studies Worldwide,2018,4,54
Geological and Geophysical Studies Worldwide,2019,3,40
Geological and Geophysical Studies Worldwide,2020,3,32
Geological and Geophysical Studies Worldwide,2021,9,68
Geological and Geophysical Studies Worldwide,2022,4,11
Geological and Geophysical Studies Worldwide,2023,4,57
Geological and Geophysical Studies Worldwide,2024,1,0
Geological and Geophysical Studies Worldwide,2026,2,0
Geological and Tectonic Studies in Latin America,1996,1,8
Geological and Tectonic Studies in Latin America,2005,2,37
Geological and Tectonic Studies in Latin America,2011,2,71
Geological and Tectonic Studies in Latin America,2012,1,39
Geological and Tectonic Studies in Latin America,2013,1,0
Geological and Tectonic Studies in Latin America,2014,2,247
Geological and Tectonic Studies in Latin America,2015,1,30
Geological and Tectonic Studies in Latin America,2016,3,31
Geological and Tectonic Studies in Latin America,2018,2,27
Geological and Tectonic Studies in Latin America,2019,2,33
Geological and Tectonic Studies in Latin America,2020,1,0
Geological and Tectonic Studies in Latin America,2023,1,2
Geological formations and processes,1963,1,5
Geological formations and processes,1965,1,14
Geological formations and processes,1966,5,48
Geological formations and processes,1970,1,106
Geological formations and processes,1971,1,2
Geological formations and processes,1972,1,15
Geological formations and processes,1976,1,21
Geological formations and processes,1977,3,63
Geological formations and processes,1979,1,0
Geological formations and processes,1980,4,69
Geological formations and processes,1981,2,32
Geological formations and processes,1982,4,62
Geological formations and processes,1984,4,34
Geological formations and processes,1985,6,203
Geological formations and processes,1986,6,152
Geological formations and processes,1987,11,192
Geological formations and processes,1988,5,275
Geological formations and processes,1989,9,307
Geological formations and processes,1990,7,684
Geological formations and processes,1991,16,319
Geological formations and processes,1992,2,136
Geological formations and processes,1993,13,578
Geological formations and processes,1994,11,813
Geological formations and processes,1995,17,452
Geological formations and processes,1996,12,332
Geological formations and processes,1997,8,570
Geological formations and processes,1998,17,208
Geological formations and processes,1999,10,565
Geological formations and processes,2000,22,674
Geological formations and processes,2001,6,235
Geological formations and processes,2002,20,881
Geological formations and processes,2003,18,967
Geological formations and processes,2004,26,964
Geological formations and processes,2005,24,567
Geological formations and processes,2006,23,795
Geological formations and processes,2007,12,638
Geological formations and processes,2008,37,801
Geological formations and processes,2009,16,406
Geological formations and processes,2010,57,1899
Geological formations and processes,2011,27,517
Geological formations and processes,2012,36,1450
Geological formations and processes,2013,38,969
Geological formations and processes,2014,32,513
Geological formations and processes,2015,90,1104
Geological formations and processes,2016,38,409
Geological formations and processes,2017,56,824
Geological formations and processes,2018,43,583
Geological formations and processes,2019,51,629
Geological formations and processes,2020,63,507
Geological formations and processes,2021,57,613
Geological formations and processes,2022,72,840
Geological formations and processes,2023,61,542
Geological formations and processes,2024,79,419
Geological formations and processes,2025,56,77
Geological formations and processes,2026,40,18
Geological Formations and Processes Exploration,1978,1,0
Geological Formations and Processes Exploration,1995,1,33
Geological Formations and Processes Exploration,2000,1,40
Geological Formations and Processes Exploration,2001,1,0
Geological Formations and Processes Exploration,2002,2,0
Geological Formations and Processes Exploration,2005,10,95
Geological Formations and Processes Exploration,2008,1,22
Geological Formations and Processes Exploration,2016,1,0
Geological Formations and Processes Exploration,2017,1,2
Geological Formations and Processes Exploration,2018,3,148
Geological Formations and Processes Exploration,2026,1,0
Geological Modeling and Analysis,1966,1,57
Geological Modeling and Analysis,1988,1,12
Geological Modeling and Analysis,1990,1,0
Geological Modeling and Analysis,2002,1,0
Geological Modeling and Analysis,2003,2,139
Geological Modeling and Analysis,2004,2,9
Geological Modeling and Analysis,2006,1,5
Geological Modeling and Analysis,2008,5,20
Geological Modeling and Analysis,2009,2,189
Geological Modeling and Analysis,2010,10,32
Geological Modeling and Analysis,2011,5,162
Geological Modeling and Analysis,2012,6,40
Geological Modeling and Analysis,2013,3,144
Geological Modeling and Analysis,2014,4,67
Geological Modeling and Analysis,2015,5,63
Geological Modeling and Analysis,2016,5,10
Geological Modeling and Analysis,2017,11,67
Geological Modeling and Analysis,2018,7,60
Geological Modeling and Analysis,2019,11,93
Geological Modeling and Analysis,2020,6,19
Geological Modeling and Analysis,2021,7,64
Geological Modeling and Analysis,2022,19,74
Geological Modeling and Analysis,2023,13,108
Geological Modeling and Analysis,2024,15,47
Geological Modeling and Analysis,2025,16,23
Geological Modeling and Analysis,2026,16,2
Geological Studies and Exploration,1963,1,5
Geological Studies and Exploration,1966,6,163
Geological Studies and Exploration,1969,1,94
Geological Studies and Exploration,1970,1,106
Geological Studies and Exploration,1976,1,27
Geological Studies and Exploration,1977,3,122
Geological Studies and Exploration,1980,1,21
Geological Studies and Exploration,1981,4,66
Geological Studies and Exploration,1982,4,67
Geological Studies and Exploration,1984,4,34
Geological Studies and Exploration,1985,6,30
Geological Studies and Exploration,1986,7,256
Geological Studies and Exploration,1987,10,276
Geological Studies and Exploration,1988,6,400
Geological Studies and Exploration,1989,7,667
Geological Studies and Exploration,1990,12,513
Geological Studies and Exploration,1991,24,734
Geological Studies and Exploration,1992,6,474
Geological Studies and Exploration,1993,11,416
Geological Studies and Exploration,1994,9,516
Geological Studies and Exploration,1995,13,345
Geological Studies and Exploration,1996,6,211
Geological Studies and Exploration,1997,12,620
Geological Studies and Exploration,1998,12,228
Geological Studies and Exploration,1999,4,196
Geological Studies and Exploration,2000,19,761
Geological Studies and Exploration,2001,16,898
Geological Studies and Exploration,2002,12,517
Geological Studies and Exploration,2003,27,1484
Geological Studies and Exploration,2004,17,534
Geological Studies and Exploration,2005,11,270
Geological Studies and Exploration,2006,12,466
Geological Studies and Exploration,2007,10,465
Geological Studies and Exploration,2008,23,364
Geological Studies and Exploration,2009,12,412
Geological Studies and Exploration,2010,41,1482
Geological Studies and Exploration,2011,23,1456
Geological Studies and Exploration,2012,19,317
Geological Studies and Exploration,2013,23,423
Geological Studies and Exploration,2014,30,658
Geological Studies and Exploration,2015,19,271
Geological Studies and Exploration,2016,38,622
Geological Studies and Exploration,2017,38,674
Geological Studies and Exploration,2018,33,681
Geological Studies and Exploration,2019,38,767
Geological Studies and Exploration,2020,38,401
Geological Studies and Exploration,2021,33,389
Geological Studies and Exploration,2022,44,349
Geological Studies and Exploration,2023,29,210
Geological Studies and Exploration,2024,46,238
Geological Studies and Exploration,2025,41,66
Geological Studies and Exploration,2026,15,4
Geology and Environmental Impact Studies,2018,1,0
Geology and Environmental Impact Studies,2025,1,0
Geology and Paleoclimatology Research,1970,1,0
Geology and Paleoclimatology Research,1980,1,19
Geology and Paleoclimatology Research,1981,1,4
Geology and Paleoclimatology Research,1987,2,43
Geology and Paleoclimatology Research,1989,13,153
Geology and Paleoclimatology Research,1990,4,502
Geology and Paleoclimatology Research,1991,6,9
Geology and Paleoclimatology Research,1992,2,38
Geology and Paleoclimatology Research,1993,2,60
Geology and Paleoclimatology Research,1994,2,452
Geology and Paleoclimatology Research,1995,2,12
Geology and Paleoclimatology Research,1996,3,171
Geology and Paleoclimatology Research,1997,5,67
Geology and Paleoclimatology Research,1998,5,40
Geology and Paleoclimatology Research,1999,1,89
Geology and Paleoclimatology Research,2000,3,71
Geology and Paleoclimatology Research,2002,9,767
Geology and Paleoclimatology Research,2003,7,167
Geology and Paleoclimatology Research,2004,3,80
Geology and Paleoclimatology Research,2005,16,481
Geology and Paleoclimatology Research,2006,9,728
Geology and Paleoclimatology Research,2007,7,250
Geology and Paleoclimatology Research,2008,8,272
Geology and Paleoclimatology Research,2009,10,281
Geology and Paleoclimatology Research,2010,19,534
Geology and Paleoclimatology Research,2011,9,159
Geology and Paleoclimatology Research,2012,8,296
Geology and Paleoclimatology Research,2013,8,116
Geology and Paleoclimatology Research,2014,16,31
Geology and Paleoclimatology Research,2015,40,89
Geology and Paleoclimatology Research,2016,7,255
Geology and Paleoclimatology Research,2017,10,104
Geology and Paleoclimatology Research,2018,14,397
Geology and Paleoclimatology Research,2019,6,23
Geology and Paleoclimatology Research,2020,14,161
Geology and Paleoclimatology Research,2021,12,112
Geology and Paleoclimatology Research,2022,10,92
Geology and Paleoclimatology Research,2023,6,37
Geology and Paleoclimatology Research,2024,8,51
Geology and Paleoclimatology Research,2025,22,33
Geology and Paleoclimatology Research,2026,8,4
Geomagnetism and Paleomagnetism Studies,1970,1,0
Geomagnetism and Paleomagnetism Studies,1989,3,28
Geomagnetism and Paleomagnetism Studies,1991,7,7
Geomagnetism and Paleomagnetism Studies,1992,2,9
Geomagnetism and Paleomagnetism Studies,1997,1,63
Geomagnetism and Paleomagnetism Studies,2003,1,0
Geomagnetism and Paleomagnetism Studies,2005,1,952
Geomagnetism and Paleomagnetism Studies,2009,1,23
Geomagnetism and Paleomagnetism Studies,2012,1,21
Geomagnetism and Paleomagnetism Studies,2015,8,0
Geomagnetism and Paleomagnetism Studies,2016,1,0
Geomagnetism and Paleomagnetism Studies,2020,1,512
Geomagnetism and Paleomagnetism Studies,2021,1,28
Geomechanics and Mining Engineering,1983,2,42
Geophysical and Geoelectrical Methods,1990,1,10
Geophysical and Geoelectrical Methods,1991,1,5
Geophysical and Geoelectrical Methods,2004,1,9
Geophysical and Geoelectrical Methods,2006,1,5
Geophysical and Geoelectrical Methods,2008,2,13
Geophysical and Geoelectrical Methods,2011,1,11
Geophysical and Geoelectrical Methods,2012,1,0
Geophysical and Geoelectrical Methods,2015,1,1
Geophysical and Geoelectrical Methods,2016,1,9
Geophysical and Geoelectrical Methods,2017,2,6
Geophysical and Geoelectrical Methods,2018,1,0
Geophysical and Geoelectrical Methods,2019,1,12
Geophysical and Geoelectrical Methods,2020,2,7
Geophysical and Geoelectrical Methods,2021,3,27
Geophysical and Geoelectrical Methods,2022,5,51
Geophysical and Geoelectrical Methods,2023,4,12
Geophysical and Geoelectrical Methods,2024,9,27
Geophysical and Geoelectrical Methods,2025,10,20
Geophysical and Geoelectrical Methods,2026,2,0
Geophysical Methods and Applications,1990,1,10
Geophysical Methods and Applications,2004,2,12
Geophysical Methods and Applications,2006,2,9
Geophysical Methods and Applications,2008,2,9
Geophysical Methods and Applications,2009,1,11
Geophysical Methods and Applications,2010,1,0
Geophysical Methods and Applications,2011,2,14
Geophysical Methods and Applications,2012,2,27
Geophysical Methods and Applications,2014,1,0
Geophysical Methods and Applications,2015,4,0
Geophysical Methods and Applications,2016,2,9
Geophysical Methods and Applications,2017,1,0
Geophysical Methods and Applications,2018,4,9
Geophysical Methods and Applications,2019,1,12
Geophysical Methods and Applications,2020,1,0
Geophysical Methods and Applications,2021,4,28
Geophysical Methods and Applications,2022,3,20
Geophysical Methods and Applications,2023,3,6
Geophysical Methods and Applications,2024,8,15
Geophysical Methods and Applications,2025,4,8
Geophysical Methods and Applications,2026,2,0
Geophysics and Gravity Measurements,2008,1,13
Geophysics and Gravity Measurements,2019,2,12
Geophysics and Gravity Measurements,2021,1,1
Geophysics and Gravity Measurements,2022,1,13
Geophysics and Gravity Measurements,2024,1,1
Geophysics and Gravity Measurements,2025,1,2
Geophysics and Gravity Measurements,2026,4,0
Geophysics and Sensor Technology,1981,1,58
Geophysics and Sensor Technology,1994,1,3
Geophysics and Sensor Technology,2008,2,5
Geophysics and Sensor Technology,2016,2,13
Geophysics and Sensor Technology,2019,3,2
Geophysics and Sensor Technology,2021,3,28
Geophysics and Sensor Technology,2022,4,21
Geophysics and Sensor Technology,2023,2,7
Geophysics and Sensor Technology,2024,1,1
Geophysics and Sensor Technology,2025,1,0
Geophysics and Sensor Technology,2026,1,0
Geotechnical and construction materials studies,2016,1,7
Geotechnical and construction materials studies,2022,1,0
Geotechnical and construction materials studies,2025,1,5
Geotechnical and Geomechanical Engineering,2014,1,3
Geotechnical and Geomechanical Engineering,2018,1,0
Geotechnical and Geomechanical Engineering,2019,1,7
Geotechnical and Geomechanical Engineering,2021,1,3
Geotechnical and Geomechanical Engineering,2026,1,0
Geotechnical and Mining Engineering,2025,1,0
Geotechnical Engineering and Soil Mechanics,2022,1,0
Geotechnical Engineering and Soil Mechanics,2025,1,0
Geotechnical Engineering and Soil Mechanics,2026,1,0
Geothermal Energy Systems and Applications,2011,1,1
Geothermal Energy Systems and Applications,2022,2,79
Geothermal Energy Systems and Applications,2023,3,22
Geothermal Energy Systems and Applications,2024,7,90
Geothermal Energy Systems and Applications,2025,7,32
Geothermal Energy Systems and Applications,2026,2,0
Geotourism and Geoheritage Conservation,2012,1,1
Geotourism and Geoheritage Conservation,2014,1,3
Geotourism and Geoheritage Conservation,2019,1,4
Geotourism and Geoheritage Conservation,2023,4,56
Geotourism and Geoheritage Conservation,2024,4,38
Geotourism and Geoheritage Conservation,2025,4,4
Geotourism and Geoheritage Conservation,2026,1,2
Global Energy and Sustainability Research,1976,1,27
Global Energy and Sustainability Research,1986,1,38
Global Energy and Sustainability Research,1991,3,5
Global Energy and Sustainability Research,1998,1,74
Global Energy and Sustainability Research,2003,1,7
Global Energy and Sustainability Research,2006,1,14
Global Energy and Sustainability Research,2007,1,46
Global Energy and Sustainability Research,2009,1,5
Global Energy and Sustainability Research,2013,1,1
Global Energy and Sustainability Research,2014,1,0
Global Energy and Sustainability Research,2018,3,16
Global Energy and Sustainability Research,2021,1,14
Global Energy and Sustainability Research,2025,2,5
Global Energy and Sustainability Research,2026,1,0
Global Energy Security and Policy,1991,1,0
Global Energy Security and Policy,2012,1,0
Global Energy Security and Policy,2014,1,0
Global Energy Security and Policy,2015,4,57
Global Energy Security and Policy,2023,1,6
Global Energy Security and Policy,2026,1,0
Global Maritime and Colonial Histories,1982,1,23
Global Maritime and Colonial Histories,2005,1,11
GNSS positioning and interference,2015,2,0
Granular flow and fluidized beds,2025,1,0
Graph theory and applications,2023,1,1
Groundwater and Isotope Geochemistry,1985,1,2
Groundwater and Isotope Geochemistry,1997,1,15
Groundwater and Isotope Geochemistry,2001,3,13
Groundwater and Isotope Geochemistry,2003,1,37
Groundwater and Isotope Geochemistry,2007,1,16
Groundwater and Isotope Geochemistry,2010,1,4
Groundwater and Isotope Geochemistry,2015,8,43
Groundwater and Isotope Geochemistry,2018,3,29
Groundwater and Isotope Geochemistry,2019,1,0
Groundwater and Isotope Geochemistry,2020,10,35
Groundwater and Isotope Geochemistry,2021,2,28
Groundwater and Isotope Geochemistry,2022,8,184
Groundwater and Isotope Geochemistry,2023,10,100
Groundwater and Isotope Geochemistry,2024,14,80
Groundwater and Isotope Geochemistry,2025,4,11
Groundwater and Isotope Geochemistry,2026,5,3
Groundwater and Watershed Analysis,2003,1,3
Groundwater and Watershed Analysis,2011,1,1
Groundwater and Watershed Analysis,2016,1,2
Groundwater and Watershed Analysis,2020,4,7
Groundwater and Watershed Analysis,2022,1,1
Groundwater and Watershed Analysis,2023,5,101
Groundwater and Watershed Analysis,2024,2,6
Groundwater and Watershed Analysis,2025,1,11
Groundwater flow and contamination studies,1997,1,15
Groundwater flow and contamination studies,2001,3,10
Groundwater flow and contamination studies,2010,5,37
Groundwater flow and contamination studies,2011,1,1
Groundwater flow and contamination studies,2012,1,118
Groundwater flow and contamination studies,2014,1,15
Groundwater flow and contamination studies,2015,1,0
Groundwater flow and contamination studies,2017,1,0
Groundwater flow and contamination studies,2018,1,29
Groundwater flow and contamination studies,2019,3,42
Groundwater flow and contamination studies,2020,6,21
Groundwater flow and contamination studies,2022,4,4
Groundwater flow and contamination studies,2023,3,31
Groundwater flow and contamination studies,2024,2,7
Groundwater flow and contamination studies,2025,4,5
Groundwater flow and contamination studies,2026,2,0
Heavy Metal Pollution Remediation,2024,1,4
Heavy metals in environment,1991,1,1
Heavy metals in environment,2008,1,39
Heavy metals in environment,2009,1,31
Heavy metals in environment,2015,1,26
Heavy metals in environment,2018,1,0
Heavy metals in environment,2022,3,37
Heavy metals in environment,2025,2,34
Heavy metals in environment,2026,2,0
High-pressure geophysics and materials,2006,1,30
High-pressure geophysics and materials,2007,1,0
High-pressure geophysics and materials,2008,1,33
High-pressure geophysics and materials,2009,1,25
High-pressure geophysics and materials,2014,1,0
High-pressure geophysics and materials,2015,4,515
High-pressure geophysics and materials,2016,2,34
High-pressure geophysics and materials,2018,2,0
High-pressure geophysics and materials,2021,2,29
High-pressure geophysics and materials,2022,1,0
High-pressure geophysics and materials,2024,2,2
High-pressure geophysics and materials,2025,4,4
Historical and Architectural Studies,2023,1,1
Historical Geography and Geographical Thought,2001,1,3
History and Developments in Astronomy,1997,1,0
History and Developments in Astronomy,2005,1,0
History and Theory of Mathematics,1997,1,0
History of Medicine and Tropical Health,1968,1,18
History of Medicine Studies,2020,1,0
History of Science and Medicine,1982,1,0
History of Science and Medicine,1993,1,2
History of Science and Medicine,1994,1,1
History of Science and Medicine,1997,2,0
History of Science and Medicine,2005,1,0
History of Science and Medicine,2019,1,0
History of Science and Natural History,1993,1,2
History of Science and Natural History,1994,1,1
History of Science and Natural History,1997,1,0
History of Science and Natural History,2005,1,0
History of Science and Natural History,2012,1,35
History of Science and Natural History,2017,1,4
History of Science and Natural History,2022,1,0
History of Science and Natural History,2024,1,0
History of Science and Natural History,2025,2,0
Hybrid Renewable Energy Systems,2023,4,201
Hybrid Renewable Energy Systems,2024,6,74
Hybrid Renewable Energy Systems,2025,1,0
Hybrid Renewable Energy Systems,2026,2,0
Hydraulic Fracturing and Reservoir Analysis,2000,1,4
Hydraulic Fracturing and Reservoir Analysis,2006,1,4
Hydraulic Fracturing and Reservoir Analysis,2007,1,0
Hydraulic Fracturing and Reservoir Analysis,2008,1,1
Hydraulic Fracturing and Reservoir Analysis,2013,1,10
Hydraulic Fracturing and Reservoir Analysis,2014,1,7
Hydraulic Fracturing and Reservoir Analysis,2015,3,7
Hydraulic Fracturing and Reservoir Analysis,2016,4,139
Hydraulic Fracturing and Reservoir Analysis,2017,6,61
Hydraulic Fracturing and Reservoir Analysis,2018,7,128
Hydraulic Fracturing and Reservoir Analysis,2019,10,89
Hydraulic Fracturing and Reservoir Analysis,2020,8,191
Hydraulic Fracturing and Reservoir Analysis,2021,5,36
Hydraulic Fracturing and Reservoir Analysis,2022,12,122
Hydraulic Fracturing and Reservoir Analysis,2023,13,90
Hydraulic Fracturing and Reservoir Analysis,2024,13,127
Hydraulic Fracturing and Reservoir Analysis,2025,10,22
Hydraulic Fracturing and Reservoir Analysis,2026,5,0
Hydrocarbon exploration and reservoir analysis,1976,1,27
Hydrocarbon exploration and reservoir analysis,1977,1,63
Hydrocarbon exploration and reservoir analysis,1981,2,38
Hydrocarbon exploration and reservoir analysis,1983,1,62
Hydrocarbon exploration and reservoir analysis,1984,3,25
Hydrocarbon exploration and reservoir analysis,1985,2,81
Hydrocarbon exploration and reservoir analysis,1986,2,118
Hydrocarbon exploration and reservoir analysis,1987,5,127
Hydrocarbon exploration and reservoir analysis,1988,3,70
Hydrocarbon exploration and reservoir analysis,1989,4,462
Hydrocarbon exploration and reservoir analysis,1990,6,153
Hydrocarbon exploration and reservoir analysis,1991,12,440
Hydrocarbon exploration and reservoir analysis,1992,5,424
Hydrocarbon exploration and reservoir analysis,1993,10,424
Hydrocarbon exploration and reservoir analysis,1994,8,350
Hydrocarbon exploration and reservoir analysis,1995,14,297
Hydrocarbon exploration and reservoir analysis,1996,5,88
Hydrocarbon exploration and reservoir analysis,1997,7,229
Hydrocarbon exploration and reservoir analysis,1998,9,154
Hydrocarbon exploration and reservoir analysis,1999,3,299
Hydrocarbon exploration and reservoir analysis,2000,14,360
Hydrocarbon exploration and reservoir analysis,2001,6,673
Hydrocarbon exploration and reservoir analysis,2002,4,59
Hydrocarbon exploration and reservoir analysis,2003,7,395
Hydrocarbon exploration and reservoir analysis,2004,11,592
Hydrocarbon exploration and reservoir analysis,2005,6,332
Hydrocarbon exploration and reservoir analysis,2006,14,511
Hydrocarbon exploration and reservoir analysis,2007,5,294
Hydrocarbon exploration and reservoir analysis,2008,15,242
Hydrocarbon exploration and reservoir analysis,2009,12,398
Hydrocarbon exploration and reservoir analysis,2010,38,1135
Hydrocarbon exploration and reservoir analysis,2011,17,534
Hydrocarbon exploration and reservoir analysis,2012,28,1328
Hydrocarbon exploration and reservoir analysis,2013,32,796
Hydrocarbon exploration and reservoir analysis,2014,44,954
Hydrocarbon exploration and reservoir analysis,2015,44,750
Hydrocarbon exploration and reservoir analysis,2016,48,1056
Hydrocarbon exploration and reservoir analysis,2017,59,1048
Hydrocarbon exploration and reservoir analysis,2018,50,716
Hydrocarbon exploration and reservoir analysis,2019,65,1284
Hydrocarbon exploration and reservoir analysis,2020,67,1034
Hydrocarbon exploration and reservoir analysis,2021,70,780
Hydrocarbon exploration and reservoir analysis,2022,92,1201
Hydrocarbon exploration and reservoir analysis,2023,75,960
Hydrocarbon exploration and reservoir analysis,2024,115,711
Hydrocarbon exploration and reservoir analysis,2025,101,236
Hydrocarbon exploration and reservoir analysis,2026,49,28
Hydrogen embrittlement and corrosion behaviors in metals,2026,1,1
Hydrogen Storage and Materials,2023,2,127
Hydrogen Storage and Materials,2024,7,122
Hydrogen Storage and Materials,2025,1,3
Hydrogen Storage and Materials,2026,2,1
Hydrological Forecasting Using AI,2020,1,32
Hydrological Forecasting Using AI,2022,7,290
Hydrological Forecasting Using AI,2023,4,153
Hydrological Forecasting Using AI,2024,6,51
Hydrological Forecasting Using AI,2025,3,13
Hydrological Forecasting Using AI,2026,2,2
Hydrology and Drought Analysis,2020,1,1
Hydrology and Drought Analysis,2025,1,3
Hydrology and Drought Analysis,2026,2,2
Hydrology and Sediment Transport Processes,1985,1,8
Hydrology and Sediment Transport Processes,1989,1,133
Hydrology and Sediment Transport Processes,1991,1,34
Hydrology and Sediment Transport Processes,2015,4,231
Hydrology and Sediment Transport Processes,2019,2,10
Hydrology and Sediment Transport Processes,2021,1,1
Hydrology and Sediment Transport Processes,2023,1,27
Hydrology and Watershed Management Studies,2020,2,1
Hydrology and Watershed Management Studies,2022,2,31
Hydrology and Watershed Management Studies,2023,1,34
Image and Object Detection Techniques,2016,1,10
Image and Signal Denoising Methods,2011,1,0
Image and Signal Denoising Methods,2017,2,0
Image and Signal Denoising Methods,2018,1,35
Image and Signal Denoising Methods,2019,10,36
Image and Signal Denoising Methods,2022,1,8
Image and Signal Denoising Methods,2023,1,12
Image and Signal Denoising Methods,2025,1,1
Image Enhancement Techniques,2017,1,0
Image Enhancement Techniques,2019,3,1
Image Processing Techniques and Applications,2026,2,0
Impact of Light on Environment and Health,2026,1,0
Industrial Gas Emission Control,2024,2,33
Infrastructure Maintenance and Monitoring,1995,1,0
Innovation Diffusion and Forecasting,2006,1,14
Innovation Diffusion and Forecasting,2025,1,3
Innovative concrete reinforcement materials,2025,1,5
Insect-Plant Interactions and Control,2026,1,0
Integrated Energy Systems Optimization,2009,1,41
Integrated Water Resources Management,2003,1,92
Integrated Water Resources Management,2020,4,54
Irrigation Practices and Water Management,2020,1,1
Irrigation Practices and Water Management,2024,1,33
Isotope Analysis in Ecology,2022,1,21
Karst Systems and Hydrogeology,2000,1,58
Karst Systems and Hydrogeology,2001,3,13
Karst Systems and Hydrogeology,2003,1,37
Karst Systems and Hydrogeology,2007,1,16
Karst Systems and Hydrogeology,2010,1,21
Karst Systems and Hydrogeology,2013,1,13
Karst Systems and Hydrogeology,2014,2,18
Karst Systems and Hydrogeology,2018,2,29
Karst Systems and Hydrogeology,2020,7,26
Karst Systems and Hydrogeology,2021,1,23
Karst Systems and Hydrogeology,2022,1,2
Karst Systems and Hydrogeology,2023,5,29
Karst Systems and Hydrogeology,2024,2,12
Karst Systems and Hydrogeology,2025,2,8
Karst Systems and Hydrogeology,2026,1,0
Land Use and Ecosystem Services,2022,1,30
Land Use and Ecosystem Services,2023,1,14
Land Use and Ecosystem Services,2026,3,0
Landslides and related hazards,2016,1,0
Landslides and related hazards,2018,1,0
Landslides and related hazards,2022,1,68
Landslides and related hazards,2023,1,20
Landslides and related hazards,2024,2,22
Landslides and related hazards,2025,2,0
Landslides and related hazards,2026,1,0
Lichen and fungal ecology,2024,1,0
Lignin and Wood Chemistry,2005,1,51
Literary Analysis and Cultural Studies,1997,1,0
"Literature: history, themes, analysis",2008,1,0
Lubricants and Their Additives,2019,1,39
Machine Learning and Data Classification,2023,2,2
Machine Learning and Data Classification,2024,1,18
Machine Learning and ELM,2013,1,4
Machine Learning and ELM,2014,1,1
Machine Learning in Materials Science,2016,1,53
Machine Learning in Materials Science,2017,1,187
Machine Learning in Materials Science,2019,2,172
Machine Learning in Materials Science,2020,5,54
Machine Learning in Materials Science,2021,2,93
Machine Learning in Materials Science,2022,1,36
Machine Learning in Materials Science,2023,4,49
Machine Learning in Materials Science,2024,2,18
Machine Learning in Materials Science,2025,2,16
Machine Learning in Materials Science,2026,2,0
Marine and coastal ecosystems,2011,1,0
Marine and coastal ecosystems,2015,4,10
Marine and coastal ecosystems,2018,1,10
Marine and coastal ecosystems,2022,3,32
Marine and coastal ecosystems,2023,2,36
Marine and coastal ecosystems,2024,1,4
Marine and coastal ecosystems,2025,2,12
Marine and Coastal Ecosystems,1982,1,23
Marine and Coastal Ecosystems,1999,1,6
Marine and Coastal Ecosystems,2019,1,0
Marine and Coastal Ecosystems,2021,1,0
Marine and Coastal Ecosystems,2024,1,2
Marine and Coastal Ecosystems,2025,1,6
Marine and coastal plant biology,2020,1,0
Marine and coastal plant biology,2021,1,13
Marine and coastal plant biology,2023,2,3
Marine and coastal plant biology,2025,1,6
Marine and environmental studies,1976,2,41
Marine and environmental studies,1980,1,19
Marine and environmental studies,1982,1,5
Marine and environmental studies,1983,2,3
Marine and environmental studies,1987,2,61
Marine and environmental studies,1988,1,14
Marine and environmental studies,1989,11,167
Marine and environmental studies,1990,3,308
Marine and environmental studies,1991,5,74
Marine and environmental studies,1992,3,111
Marine and environmental studies,1994,1,83
Marine and environmental studies,1995,2,12
Marine and environmental studies,1996,3,81
Marine and environmental studies,1997,6,25
Marine and environmental studies,1998,6,101
Marine and environmental studies,1999,2,38
Marine and environmental studies,2000,2,71
Marine and environmental studies,2001,2,42
Marine and environmental studies,2002,8,628
Marine and environmental studies,2003,2,301
Marine and environmental studies,2004,1,18
Marine and environmental studies,2005,15,289
Marine and environmental studies,2006,6,622
Marine and environmental studies,2007,2,121
Marine and environmental studies,2008,4,120
Marine and environmental studies,2009,3,45
Marine and environmental studies,2010,8,252
Marine and environmental studies,2011,7,141
Marine and environmental studies,2012,4,89
Marine and environmental studies,2013,6,81
Marine and environmental studies,2014,17,72
Marine and environmental studies,2015,9,17
Marine and environmental studies,2016,7,299
Marine and environmental studies,2017,5,21
Marine and environmental studies,2018,8,25
Marine and environmental studies,2019,8,55
Marine and environmental studies,2020,5,22
Marine and environmental studies,2021,2,12
Marine and environmental studies,2022,3,27
Marine and environmental studies,2023,5,4
Marine and environmental studies,2024,4,12
Marine and environmental studies,2025,5,6
Marine and environmental studies,2026,8,6
Marine and fisheries research,2015,1,0
Marine and Offshore Engineering Studies,2022,1,41
Marine Biology and Ecology Research,1983,2,3
Marine Biology and Ecology Research,1984,1,21
Marine Biology and Ecology Research,1985,1,94
Marine Biology and Ecology Research,1987,1,23
Marine Biology and Ecology Research,1988,1,14
Marine Biology and Ecology Research,1990,1,23
Marine Biology and Ecology Research,1991,1,0
Marine Biology and Ecology Research,1992,1,15
Marine Biology and Ecology Research,1993,1,15
Marine Biology and Ecology Research,1996,2,77
Marine Biology and Ecology Research,1997,1,4
Marine Biology and Ecology Research,1998,2,260
Marine Biology and Ecology Research,1999,2,51
Marine Biology and Ecology Research,2000,1,5
Marine Biology and Ecology Research,2001,2,94
Marine Biology and Ecology Research,2004,2,21
Marine Biology and Ecology Research,2005,1,5
Marine Biology and Ecology Research,2006,1,5
Marine Biology and Ecology Research,2009,1,4
Marine Biology and Ecology Research,2010,1,32
Marine Biology and Ecology Research,2011,1,7
Marine Biology and Ecology Research,2012,2,79
Marine Biology and Ecology Research,2013,2,0
Marine Biology and Ecology Research,2014,2,34
Marine Biology and Ecology Research,2015,6,23
Marine Biology and Ecology Research,2016,7,70
Marine Biology and Ecology Research,2017,6,31
Marine Biology and Ecology Research,2018,10,57
Marine Biology and Ecology Research,2019,10,56
Marine Biology and Ecology Research,2020,4,31
Marine Biology and Ecology Research,2021,6,37
Marine Biology and Ecology Research,2022,8,13
Marine Biology and Ecology Research,2023,6,4
Marine Biology and Ecology Research,2024,9,35
Marine Biology and Ecology Research,2025,9,11
Marine Biology and Ecology Research,2026,4,2
Marine Biology and Environmental Chemistry,2024,1,1
Marine Biology and Environmental Chemistry,2025,1,0
Marine Bivalve and Aquaculture Studies,2015,1,0
Marine Bivalve and Aquaculture Studies,2021,1,0
Marine Ecology and Invasive Species,2023,1,1
Marine Ecology and Invasive Species,2024,1,1
Marine Ecology and Invasive Species,2025,1,0
Marine Toxins and Detection Methods,2015,1,6
Maritime and Coastal Archaeology,2010,1,15
Maritime Navigation and Safety,2022,1,41
Market Dynamics and Volatility,2025,1,3
Materials Engineering and Processing,2022,1,10
Mathematical Analysis and Transform Methods,2011,1,0
Medical Image Segmentation Techniques,2017,1,0
Medical Research and Islamic Perspectives,2020,1,0
Mediterranean and Iberian flora and fauna,2005,1,4
Membrane Separation and Gas Transport,2023,1,18
Membrane Separation Technologies,2001,1,1
Membrane Separation Technologies,2020,1,8
Membrane Separation Technologies,2023,5,177
Membrane Separation Technologies,2025,2,5
Membrane-based Ion Separation Techniques,2008,1,3
Membrane-based Ion Separation Techniques,2023,1,24
Membrane-based Ion Separation Techniques,2025,2,5
Mercury impact and mitigation studies,2020,1,0
Mercury impact and mitigation studies,2022,1,0
Metal Extraction and Bioleaching,2026,1,0
Metalloenzymes and iron-sulfur proteins,2025,1,11
Metallurgical Processes and Thermodynamics,1988,1,223
Metallurgy and Cultural Artifacts,2023,1,1
Methane Hydrates and Related Phenomena,1989,1,14
Methane Hydrates and Related Phenomena,2001,1,7
Methane Hydrates and Related Phenomena,2015,2,0
Methane Hydrates and Related Phenomena,2016,2,32
Methane Hydrates and Related Phenomena,2017,1,0
Methane Hydrates and Related Phenomena,2024,3,26
Methane Hydrates and Related Phenomena,2025,1,1
Microbial Applications in Construction Materials,2017,1,68
Microbial Applications in Construction Materials,2020,1,1
Microbial Applications in Construction Materials,2022,1,19
Microbial Applications in Construction Materials,2023,1,14
Microbial Applications in Construction Materials,2024,2,25
Microbial Applications in Construction Materials,2025,2,5
Microbial Applications in Construction Materials,2026,1,0
Microbial bioremediation and biosurfactants,2019,1,0
Microbial bioremediation and biosurfactants,2021,1,0
Microbial bioremediation and biosurfactants,2023,1,49
Microbial Community Ecology and Physiology,1997,1,4
Microbial Community Ecology and Physiology,2018,1,0
Microbial Community Ecology and Physiology,2019,1,66
Microbial Community Ecology and Physiology,2025,1,2
Microbial Community Ecology and Physiology,2026,1,0
Microplastics and Plastic Pollution,2024,3,7
Microplastics and Plastic Pollution,2026,3,0
Middle East and Rwanda Conflicts,1968,1,18
Middle East and Rwanda Conflicts,2005,1,11
Middle East Politics and Society,2003,1,6
Mine drainage and remediation techniques,2008,1,39
Mine drainage and remediation techniques,2024,2,1
Mineral Processing and Grinding,2017,1,1
Mineral Processing and Grinding,2020,1,34
Mineral Processing and Grinding,2022,1,0
Mineralogy and Gemology Studies,1983,1,2
Mineralogy and Gemology Studies,1988,1,153
Mineralogy and Gemology Studies,2005,1,101
Mineralogy and Gemology Studies,2007,1,0
Mineralogy and Gemology Studies,2009,2,89
Mineralogy and Gemology Studies,2016,1,29
Mineralogy and Gemology Studies,2017,2,4
Mineralogy and Gemology Studies,2020,4,114
Mineralogy and Gemology Studies,2022,3,64
Mineralogy and Gemology Studies,2024,1,3
Mineralogy and Gemology Studies,2025,2,2
Mining and Resource Management,2023,1,6
Mining and Resource Management,2025,1,0
Mining and Resource Management,2026,1,0
Model Reduction and Neural Networks,2023,1,11
Model Reduction and Neural Networks,2024,1,28
Model Reduction and Neural Networks,2026,1,1
Mollusks and Parasites Studies,2020,1,9
Molten salt chemistry and electrochemical processes,2026,1,0
Municipal Solid Waste Management,2014,1,0
Museums and Cultural Heritage,2010,1,1
MXene and MAX Phase Materials,2025,1,15
Nanopore and Nanochannel Transport Studies,2025,2,5
Natural Resources and Economic Development,1991,1,0
Neural Networks and Applications,2010,2,3
Neural Networks and Applications,2020,1,26
Neural Networks and Applications,2023,2,33
NMR spectroscopy and applications,2020,1,39
NMR spectroscopy and applications,2021,2,33
NMR spectroscopy and applications,2024,2,26
Nuclear and radioactivity studies,2008,1,0
Nuclear and radioactivity studies,2023,1,85
Nuclear materials and radiation effects,2011,1,25
Numerical methods in inverse problems,2011,2,1
Ocean Acidification Effects and Responses,2007,1,0
Ocean Acidification Effects and Responses,2025,1,0
Ocean Waves and Remote Sensing,2021,1,68
Oceanographic and Atmospheric Processes,2012,1,0
Oceanographic and Atmospheric Processes,2015,1,0
Oceanographic and Atmospheric Processes,2024,1,1
Offshore Engineering and Technologies,2026,1,0
Oil and Gas Production Techniques,2010,1,4
Oil and Gas Production Techniques,2024,1,5
Oil and Gas Production Techniques,2026,1,0
Oil Spill Detection and Mitigation,2019,1,0
Oil Spill Detection and Mitigation,2021,5,201
Oil Spill Detection and Mitigation,2022,1,41
Oil Spill Detection and Mitigation,2024,1,4
"Oil, Gas, and Environmental Issues",1988,1,1
"Oil, Gas, and Environmental Issues",2012,1,13
"Oil, Gas, and Environmental Issues",2014,1,2
"Oil, Gas, and Environmental Issues",2015,1,0
"Oil, Gas, and Environmental Issues",2021,1,20
Origins and Evolution of Life,2012,1,150
Origins and Evolution of Life,2014,1,130
Origins and Evolution of Life,2020,1,1
Origins and Evolution of Life,2026,1,2
Ovarian function and disorders,1995,1,118
Paleontology and Evolutionary Biology,1959,1,2
Paleontology and Evolutionary Biology,1960,1,2
Paleontology and Evolutionary Biology,1962,2,4
Paleontology and Evolutionary Biology,1964,1,1
Paleontology and Evolutionary Biology,1965,1,14
Paleontology and Evolutionary Biology,1966,2,5
Paleontology and Evolutionary Biology,1971,1,2
Paleontology and Evolutionary Biology,1979,1,3
Paleontology and Evolutionary Biology,1982,1,48
Paleontology and Evolutionary Biology,1984,1,21
Paleontology and Evolutionary Biology,1985,1,1
Paleontology and Evolutionary Biology,1987,4,61
Paleontology and Evolutionary Biology,1989,1,1
Paleontology and Evolutionary Biology,1991,2,35
Paleontology and Evolutionary Biology,1992,1,15
Paleontology and Evolutionary Biology,1993,2,170
Paleontology and Evolutionary Biology,1994,1,22
Paleontology and Evolutionary Biology,1995,7,207
Paleontology and Evolutionary Biology,1996,5,237
Paleontology and Evolutionary Biology,1997,6,398
Paleontology and Evolutionary Biology,1998,9,129
Paleontology and Evolutionary Biology,1999,6,111
Paleontology and Evolutionary Biology,2000,5,77
Paleontology and Evolutionary Biology,2001,3,105
Paleontology and Evolutionary Biology,2002,4,28
Paleontology and Evolutionary Biology,2003,1,5
Paleontology and Evolutionary Biology,2004,10,256
Paleontology and Evolutionary Biology,2005,15,260
Paleontology and Evolutionary Biology,2006,11,185
Paleontology and Evolutionary Biology,2007,14,377
Paleontology and Evolutionary Biology,2008,15,404
Paleontology and Evolutionary Biology,2009,7,135
Paleontology and Evolutionary Biology,2010,10,319
Paleontology and Evolutionary Biology,2011,8,160
Paleontology and Evolutionary Biology,2012,6,382
Paleontology and Evolutionary Biology,2013,7,276
Paleontology and Evolutionary Biology,2014,11,297
Paleontology and Evolutionary Biology,2015,13,215
Paleontology and Evolutionary Biology,2016,7,93
Paleontology and Evolutionary Biology,2017,17,147
Paleontology and Evolutionary Biology,2018,9,135
Paleontology and Evolutionary Biology,2019,13,287
Paleontology and Evolutionary Biology,2020,9,121
Paleontology and Evolutionary Biology,2021,13,140
Paleontology and Evolutionary Biology,2022,15,148
Paleontology and Evolutionary Biology,2023,15,55
Paleontology and Evolutionary Biology,2024,6,27
Paleontology and Evolutionary Biology,2025,12,11
Paleontology and Evolutionary Biology,2026,5,0
Paleontology and Stratigraphy of Fossils,1959,1,2
Paleontology and Stratigraphy of Fossils,1960,1,2
Paleontology and Stratigraphy of Fossils,1962,3,4
Paleontology and Stratigraphy of Fossils,1963,1,5
Paleontology and Stratigraphy of Fossils,1964,1,1
Paleontology and Stratigraphy of Fossils,1965,1,14
Paleontology and Stratigraphy of Fossils,1966,6,51
Paleontology and Stratigraphy of Fossils,1970,1,0
Paleontology and Stratigraphy of Fossils,1971,1,2
Paleontology and Stratigraphy of Fossils,1972,2,73
Paleontology and Stratigraphy of Fossils,1976,1,20
Paleontology and Stratigraphy of Fossils,1977,1,4
Paleontology and Stratigraphy of Fossils,1979,1,3
Paleontology and Stratigraphy of Fossils,1980,2,42
Paleontology and Stratigraphy of Fossils,1981,1,28
Paleontology and Stratigraphy of Fossils,1982,4,71
Paleontology and Stratigraphy of Fossils,1983,3,65
Paleontology and Stratigraphy of Fossils,1984,1,21
Paleontology and Stratigraphy of Fossils,1985,6,274
Paleontology and Stratigraphy of Fossils,1986,3,201
Paleontology and Stratigraphy of Fossils,1987,15,336
Paleontology and Stratigraphy of Fossils,1988,4,185
Paleontology and Stratigraphy of Fossils,1989,25,327
Paleontology and Stratigraphy of Fossils,1990,12,802
Paleontology and Stratigraphy of Fossils,1991,24,321
Paleontology and Stratigraphy of Fossils,1992,12,431
Paleontology and Stratigraphy of Fossils,1993,9,345
Paleontology and Stratigraphy of Fossils,1994,11,364
Paleontology and Stratigraphy of Fossils,1995,15,414
Paleontology and Stratigraphy of Fossils,1996,14,652
Paleontology and Stratigraphy of Fossils,1997,18,763
Paleontology and Stratigraphy of Fossils,1998,25,572
Paleontology and Stratigraphy of Fossils,1999,18,519
Paleontology and Stratigraphy of Fossils,2000,29,491
Paleontology and Stratigraphy of Fossils,2001,13,415
Paleontology and Stratigraphy of Fossils,2002,17,867
Paleontology and Stratigraphy of Fossils,2003,18,488
Paleontology and Stratigraphy of Fossils,2004,29,887
Paleontology and Stratigraphy of Fossils,2005,55,1231
Paleontology and Stratigraphy of Fossils,2006,32,1178
Paleontology and Stratigraphy of Fossils,2007,27,4431
Paleontology and Stratigraphy of Fossils,2008,43,1305
Paleontology and Stratigraphy of Fossils,2009,40,1511
Paleontology and Stratigraphy of Fossils,2010,56,1299
Paleontology and Stratigraphy of Fossils,2011,41,1231
Paleontology and Stratigraphy of Fossils,2012,34,1643
Paleontology and Stratigraphy of Fossils,2013,35,1019
Paleontology and Stratigraphy of Fossils,2014,49,1452
Paleontology and Stratigraphy of Fossils,2015,83,1047
Paleontology and Stratigraphy of Fossils,2016,56,1137
Paleontology and Stratigraphy of Fossils,2017,70,1576
Paleontology and Stratigraphy of Fossils,2018,71,939
Paleontology and Stratigraphy of Fossils,2019,67,881
Paleontology and Stratigraphy of Fossils,2020,64,673
Paleontology and Stratigraphy of Fossils,2021,60,693
Paleontology and Stratigraphy of Fossils,2022,76,559
Paleontology and Stratigraphy of Fossils,2023,68,277
Paleontology and Stratigraphy of Fossils,2024,80,338
Paleontology and Stratigraphy of Fossils,2025,91,139
Paleontology and Stratigraphy of Fossils,2026,46,17
Peatlands and Wetlands Ecology,2023,1,17
Per- and polyfluoroalkyl substances research,2024,2,31
Petroleum Processing and Analysis,1990,1,0
Petroleum Processing and Analysis,2009,1,0
Petroleum Processing and Analysis,2010,1,1
Petroleum Processing and Analysis,2011,1,74
Petroleum Processing and Analysis,2012,1,96
Petroleum Processing and Analysis,2013,3,73
Petroleum Processing and Analysis,2015,2,32
Petroleum Processing and Analysis,2016,1,30
Petroleum Processing and Analysis,2017,4,63
Petroleum Processing and Analysis,2018,4,70
Petroleum Processing and Analysis,2019,3,38
Petroleum Processing and Analysis,2020,2,55
Petroleum Processing and Analysis,2021,9,96
Petroleum Processing and Analysis,2022,2,47
Petroleum Processing and Analysis,2023,5,22
Petroleum Processing and Analysis,2024,7,70
Petroleum Processing and Analysis,2025,5,13
Petroleum Processing and Analysis,2026,2,4
Pharmaceutical and Antibiotic Environmental Impacts,2020,1,6
Pharmaceutical and Antibiotic Environmental Impacts,2024,2,6
Pharmaceutical and Antibiotic Environmental Impacts,2025,2,0
Pharmaceutical and Antibiotic Environmental Impacts,2026,6,5
Philosophy and History of Science,2005,1,0
Philosophy and Phenomenology Studies,2006,1,0
Physiological and biochemical adaptations,2020,2,9
Physiological and biochemical adaptations,2021,1,13
Physiological and biochemical adaptations,2023,2,2
Physiological and biochemical adaptations,2024,5,21
Planetary Science and Exploration,2006,1,32
Planetary Science and Exploration,2007,1,0
Planetary Science and Exploration,2008,1,0
Planetary Science and Exploration,2010,3,66
Planetary Science and Exploration,2012,3,2
Planetary Science and Exploration,2014,1,4
Planetary Science and Exploration,2015,1,0
Planetary Science and Exploration,2020,1,1
Planetary Science and Exploration,2021,1,0
Planetary Science and Exploration,2022,6,10
Planetary Science and Exploration,2023,1,11
Planetary Science and Exploration,2025,2,2
Planetary Science and Exploration,2026,1,0
Plant and Fungal Species Descriptions,2024,1,0
Plant Diversity and Evolution,1994,1,0
Plant Diversity and Evolution,1996,1,187
Plant Diversity and Evolution,1998,1,0
Plant Diversity and Evolution,2000,2,20
Plant Diversity and Evolution,2002,1,9
Plant Diversity and Evolution,2005,1,4
Plant Diversity and Evolution,2006,4,34
Plant Diversity and Evolution,2007,2,3
Plant Diversity and Evolution,2008,3,21
Plant Diversity and Evolution,2009,6,357
Plant Diversity and Evolution,2010,1,0
Plant Diversity and Evolution,2011,1,46
Plant Diversity and Evolution,2013,2,84
Plant Diversity and Evolution,2014,4,73
Plant Diversity and Evolution,2015,4,30
Plant Diversity and Evolution,2016,3,84
Plant Diversity and Evolution,2017,3,57
Plant Diversity and Evolution,2018,1,0
Plant Diversity and Evolution,2019,2,20
Plant Diversity and Evolution,2021,1,4
Plant Diversity and Evolution,2022,1,9
Plant Diversity and Evolution,2023,2,9
Plant Diversity and Evolution,2025,2,4
Plant Diversity and Evolution,2026,3,0
Plant Reproductive Biology,2006,1,6
Plant Reproductive Biology,2019,1,4
Plant Reproductive Biology,2025,1,0
Pleistocene-Era Hominins and Archaeology,1998,1,50
Pleistocene-Era Hominins and Archaeology,2000,1,17
Pleistocene-Era Hominins and Archaeology,2005,1,0
Pleistocene-Era Hominins and Archaeology,2010,1,67
Pleistocene-Era Hominins and Archaeology,2016,1,47
Pleistocene-Era Hominins and Archaeology,2017,1,34
Pleistocene-Era Hominins and Archaeology,2018,1,191
Pleistocene-Era Hominins and Archaeology,2025,1,1
Pleistocene-Era Hominins and Archaeology,2026,2,0
Poetry Analysis and Criticism,2008,1,0
Point processes and geometric inequalities,2023,1,0
Polar Research and Ecology,2009,1,2
Polar Research and Ecology,2024,1,0
Polar Research and Ecology,2025,1,0
Protist diversity and phylogeny,1990,2,50
Protist diversity and phylogeny,1991,1,0
Protist diversity and phylogeny,1992,1,3
Protist diversity and phylogeny,1993,1,15
Protist diversity and phylogeny,1996,1,108
Protist diversity and phylogeny,1999,2,14
Protist diversity and phylogeny,2000,3,9
Protist diversity and phylogeny,2001,1,9
Protist diversity and phylogeny,2003,1,0
Protist diversity and phylogeny,2004,6,200
Protist diversity and phylogeny,2005,5,54
Protist diversity and phylogeny,2007,2,103
Protist diversity and phylogeny,2008,1,6
Protist diversity and phylogeny,2009,2,5
Protist diversity and phylogeny,2010,1,41
Protist diversity and phylogeny,2011,3,15
Protist diversity and phylogeny,2013,1,0
Protist diversity and phylogeny,2014,3,192
Protist diversity and phylogeny,2015,3,1
Protist diversity and phylogeny,2016,2,80
Protist diversity and phylogeny,2017,5,16
Protist diversity and phylogeny,2018,5,2
Protist diversity and phylogeny,2019,1,2
Protist diversity and phylogeny,2020,2,8
Protist diversity and phylogeny,2021,1,1
Protist diversity and phylogeny,2022,3,1
Protist diversity and phylogeny,2024,1,1
Protist diversity and phylogeny,2025,5,5
Psychology Research and Bibliometrics,2006,1,0
Psychology Research and Bibliometrics,2023,1,0
Public Health and Environmental Issues,2020,1,0
Publishing and Scholarly Communication,2019,1,0
Publishing and Scholarly Communication,2024,1,0
Radiation Detection and Scintillator Technologies,2015,4,0
Radiation Dose and Imaging,2024,1,7
Radio Wave Propagation Studies,2009,1,11
Radioactive Decay and Measurement Techniques,2015,2,0
Radioactivity and Radon Measurements,2015,2,0
Radioactivity and Radon Measurements,2024,1,7
Recycled Aggregate Concrete Performance,2022,2,36
Recycling and utilization of industrial and municipal waste in materials production,2005,1,2
Recycling and utilization of industrial and municipal waste in materials production,2016,1,30
Recycling and utilization of industrial and municipal waste in materials production,2022,1,0
Regulation and Compliance Studies,2015,1,0
Reinforcement Learning in Robotics,2024,1,0
Remote Sensing and Land Use,1995,1,0
Remote Sensing and Land Use,2003,1,5
Remote Sensing and Land Use,2023,3,15
Remote Sensing and Land Use,2026,1,0
Remote-Sensing Image Classification,2011,2,161
Remote-Sensing Image Classification,2013,1,93
Remote-Sensing Image Classification,2018,1,21
Remote-Sensing Image Classification,2021,5,159
Remote-Sensing Image Classification,2022,4,71
Remote-Sensing Image Classification,2023,3,38
Remote-Sensing Image Classification,2024,1,7
Remote-Sensing Image Classification,2025,3,7
Remote-Sensing Image Classification,2026,2,0
Renewable energy and sustainable power systems,2012,1,0
Renewable energy and sustainable power systems,2013,1,2
Renewable energy and sustainable power systems,2015,1,0
Renewable energy and sustainable power systems,2018,1,5
Renewable energy and sustainable power systems,2019,1,55
Renewable energy and sustainable power systems,2021,1,14
Renewable energy and sustainable power systems,2026,1,0
Reproductive Biology and Fertility,1995,1,118
Reproductive Physiology in Livestock,1995,1,118
Research Data Management Practices,2003,1,0
Research Data Management Practices,2007,1,0
Research Data Management Practices,2020,1,17
Research Data Management Practices,2021,2,130
Research Data Management Practices,2025,3,0
Research Data Management Practices,2026,3,0
"Research, Science, and Academia",2005,1,0
"Research, Science, and Academia",2025,2,2
Reservoir Engineering and Simulation Methods,1988,1,12
Reservoir Engineering and Simulation Methods,2003,1,63
Reservoir Engineering and Simulation Methods,2006,1,14
Reservoir Engineering and Simulation Methods,2007,1,46
Reservoir Engineering and Simulation Methods,2009,1,5
Reservoir Engineering and Simulation Methods,2010,1,4
Reservoir Engineering and Simulation Methods,2012,1,13
Reservoir Engineering and Simulation Methods,2013,1,0
Reservoir Engineering and Simulation Methods,2015,1,18
Reservoir Engineering and Simulation Methods,2018,1,27
Reservoir Engineering and Simulation Methods,2019,2,54
Reservoir Engineering and Simulation Methods,2021,2,17
Reservoir Engineering and Simulation Methods,2022,2,84
Reservoir Engineering and Simulation Methods,2023,7,161
Reservoir Engineering and Simulation Methods,2024,8,62
Reservoir Engineering and Simulation Methods,2025,4,3
Reservoir Engineering and Simulation Methods,2026,6,2
Rheology and Fluid Dynamics Studies,2019,1,30
Rheology and Fluid Dynamics Studies,2020,1,19
Rheology and Fluid Dynamics Studies,2022,1,18
Rheology and Fluid Dynamics Studies,2023,1,1
Risk Perception and Management,2015,1,0
Robotic Process Automation Applications,2025,1,0
Rock Mechanics and Modeling,1983,2,42
Rock Mechanics and Modeling,2006,1,10
Rock Mechanics and Modeling,2012,1,1
Rock Mechanics and Modeling,2013,1,0
Rock Mechanics and Modeling,2014,1,7
Rock Mechanics and Modeling,2015,3,14
Rock Mechanics and Modeling,2016,4,38
Rock Mechanics and Modeling,2017,5,98
Rock Mechanics and Modeling,2018,8,99
Rock Mechanics and Modeling,2019,11,18
Rock Mechanics and Modeling,2020,10,186
Rock Mechanics and Modeling,2021,6,33
Rock Mechanics and Modeling,2022,6,41
Rock Mechanics and Modeling,2023,10,89
Rock Mechanics and Modeling,2024,7,64
Rock Mechanics and Modeling,2025,6,8
Rock Mechanics and Modeling,2026,6,5
Science Education and Pedagogy,1999,1,0
Scientific Computing and Data Management,2003,1,0
Scientific Computing and Data Management,2020,1,17
Scientific Computing and Data Management,2021,2,130
Scientific Computing and Data Management,2025,1,0
scientometrics and bibliometrics research,2021,1,0
scientometrics and bibliometrics research,2023,1,0
scientometrics and bibliometrics research,2025,3,2
Seismic Imaging and Inversion Techniques,1981,1,58
Seismic Imaging and Inversion Techniques,1982,1,28
Seismic Imaging and Inversion Techniques,1992,1,1
Seismic Imaging and Inversion Techniques,1994,1,3
Seismic Imaging and Inversion Techniques,1995,1,1
Seismic Imaging and Inversion Techniques,2000,1,4
Seismic Imaging and Inversion Techniques,2004,2,3
Seismic Imaging and Inversion Techniques,2006,2,8
Seismic Imaging and Inversion Techniques,2008,6,6
Seismic Imaging and Inversion Techniques,2009,1,0
Seismic Imaging and Inversion Techniques,2010,2,2
Seismic Imaging and Inversion Techniques,2011,15,128
Seismic Imaging and Inversion Techniques,2012,3,61
Seismic Imaging and Inversion Techniques,2013,4,34
Seismic Imaging and Inversion Techniques,2014,2,6
Seismic Imaging and Inversion Techniques,2015,9,11
Seismic Imaging and Inversion Techniques,2016,11,131
Seismic Imaging and Inversion Techniques,2017,19,299
Seismic Imaging and Inversion Techniques,2018,10,104
Seismic Imaging and Inversion Techniques,2019,16,208
Seismic Imaging and Inversion Techniques,2020,7,141
Seismic Imaging and Inversion Techniques,2021,12,88
Seismic Imaging and Inversion Techniques,2022,21,139
Seismic Imaging and Inversion Techniques,2023,11,73
Seismic Imaging and Inversion Techniques,2024,14,46
Seismic Imaging and Inversion Techniques,2025,21,31
Seismic Imaging and Inversion Techniques,2026,9,1
Seismic Performance and Analysis,2013,1,1
Seismic Performance and Analysis,2021,1,10
Seismic Performance and Analysis,2023,1,11
Seismic Performance and Analysis,2024,1,4
Seismic Waves and Analysis,1981,1,58
Seismic Waves and Analysis,1982,1,28
Seismic Waves and Analysis,1994,1,3
Seismic Waves and Analysis,2004,1,0
Seismic Waves and Analysis,2006,1,4
Seismic Waves and Analysis,2008,4,5
Seismic Waves and Analysis,2009,1,11
Seismic Waves and Analysis,2011,14,117
Seismic Waves and Analysis,2012,2,58
Seismic Waves and Analysis,2013,3,13
Seismic Waves and Analysis,2014,3,6
Seismic Waves and Analysis,2015,3,8
Seismic Waves and Analysis,2016,7,56
Seismic Waves and Analysis,2017,8,78
Seismic Waves and Analysis,2018,10,110
Seismic Waves and Analysis,2019,11,31
Seismic Waves and Analysis,2020,2,26
Seismic Waves and Analysis,2021,9,57
Seismic Waves and Analysis,2022,7,33
Seismic Waves and Analysis,2023,5,14
Seismic Waves and Analysis,2024,4,5
Seismic Waves and Analysis,2025,11,15
Seismic Waves and Analysis,2026,3,0
Seismology and Earthquake Studies,2011,7,71
Seismology and Earthquake Studies,2012,1,31
Seismology and Earthquake Studies,2015,1,7
Seismology and Earthquake Studies,2016,3,43
Seismology and Earthquake Studies,2017,1,24
Seismology and Earthquake Studies,2018,2,38
Seismology and Earthquake Studies,2019,2,11
Seismology and Earthquake Studies,2022,1,11
Seismology and Earthquake Studies,2023,1,6
Seismology and Earthquake Studies,2024,1,4
Seismology and Earthquake Studies,2025,3,8
Seismology and Earthquake Studies,2026,1,1
Silicon Effects in Agriculture,2010,1,0
Social Acceptance of Renewable Energy,2013,1,36
Social Acceptance of Renewable Energy,2015,1,0
Soil and Environmental Studies,1962,1,14
Soil and Environmental Studies,1989,1,133
Soil and Environmental Studies,1998,1,14
Soil and Environmental Studies,2010,1,22
Soil and Environmental Studies,2012,1,66
Soil and Environmental Studies,2013,1,25
Soil and Environmental Studies,2014,1,45
Soil and Environmental Studies,2016,1,26
Soil and Environmental Studies,2017,1,7
Soil and Environmental Studies,2018,2,8
Soil and Environmental Studies,2019,1,4
Soil and Environmental Studies,2020,2,60
Soil and Environmental Studies,2025,1,2
Soil and Land Suitability Analysis,2023,1,35
Soil and Land Suitability Analysis,2024,2,6
Soil and Land Suitability Analysis,2025,2,11
Soil and Unsaturated Flow,2010,1,4
Soil and Unsaturated Flow,2020,2,8
Soil and Unsaturated Flow,2022,3,21
Soil Carbon and Nitrogen Dynamics,2022,1,1
Soil Carbon and Nitrogen Dynamics,2023,1,17
Soil Carbon and Nitrogen Dynamics,2025,2,12
Soil erosion and sediment transport,2015,1,40
Soil Geostatistics and Mapping,2021,1,23
Soil Geostatistics and Mapping,2022,1,0
Soil Moisture and Remote Sensing,2019,1,0
Soil Moisture and Remote Sensing,2020,1,1
Soil Moisture and Remote Sensing,2025,1,0
Soil Moisture and Remote Sensing,2026,3,0
Solar Radiation and Photovoltaics,2021,1,52
Solar Thermal and Photovoltaic Systems,2008,1,3
Solar-Powered Water Purification Methods,2001,1,1
Solar-Powered Water Purification Methods,2008,1,3
Space Science and Extraterrestrial Life,2006,1,32
Space Science and Extraterrestrial Life,2010,1,55
Space Science and Extraterrestrial Life,2021,1,0
Space Science and Extraterrestrial Life,2022,2,2
Space Science and Extraterrestrial Life,2023,1,11
Sparse and Compressive Sensing Techniques,2019,1,26
Spatial and Panel Data Analysis,2022,1,0
Species Distribution and Climate Change,2022,2,1
Species Distribution and Climate Change,2023,1,0
Species Distribution and Climate Change,2025,3,3
Species Distribution and Climate Change,2026,2,1
Spectroscopy and Chemometric Analyses,2020,1,1
Spectroscopy and Chemometric Analyses,2021,1,1
Spectroscopy and Chemometric Analyses,2025,2,0
Spectroscopy Techniques in Biomedical and Chemical Research,2006,1,32
Spectroscopy Techniques in Biomedical and Chemical Research,2009,1,0
Spectroscopy Techniques in Biomedical and Chemical Research,2010,3,61
Statistical Mechanics and Entropy,2005,1,0
Statistical Methods and Applications,2019,1,7
Statistical Methods and Applications,2024,1,0
Statistical Methods and Applications,2025,1,7
Stochastic processes and statistical mechanics,2005,1,0
Stock Market Forecasting Methods,2021,1,10
Supercapacitor Materials and Fabrication,2025,1,15
Surface Modification and Superhydrophobicity,2023,3,67
Surfactants and Colloidal Systems,2025,1,1
Synthetic Aperture Radar (SAR) Applications and Techniques,1995,1,0
Synthetic Aperture Radar (SAR) Applications and Techniques,1997,1,0
Synthetic Aperture Radar (SAR) Applications and Techniques,2010,1,0
Synthetic Aperture Radar (SAR) Applications and Techniques,2014,1,0
Synthetic Aperture Radar (SAR) Applications and Techniques,2016,1,0
Synthetic Aperture Radar (SAR) Applications and Techniques,2018,1,0
Synthetic Aperture Radar (SAR) Applications and Techniques,2019,1,0
Synthetic Aperture Radar (SAR) Applications and Techniques,2021,1,68
Synthetic Aperture Radar (SAR) Applications and Techniques,2025,3,0
Synthetic Aperture Radar (SAR) Applications and Techniques,2026,5,0
Target Tracking and Data Fusion in Sensor Networks,2019,1,2
Tensor decomposition and applications,2017,1,4
Tensor decomposition and applications,2018,1,30
Thermochemical Biomass Conversion Processes,1990,1,0
Thermochemical Biomass Conversion Processes,2014,1,0
Thermochemical Biomass Conversion Processes,2024,1,2
Thermochemical Biomass Conversion Processes,2025,1,0
Thermochemical Biomass Conversion Processes,2026,1,2
Time Series Analysis and Forecasting,2020,1,0
TiO2 Photocatalysis and Solar Cells,2024,1,3
TiO2 Photocatalysis and Solar Cells,2025,1,3
Toxic Organic Pollutants Impact,2024,1,4
Transboundary Water Resource Management,2001,2,6
Transboundary Water Resource Management,2010,1,12
Transboundary Water Resource Management,2020,1,15
Tree-ring climate responses,2007,1,0
Tunneling and Rock Mechanics,1983,2,42
Tunneling and Rock Mechanics,2020,1,2
Tunneling and Rock Mechanics,2024,1,0
Tunneling and Rock Mechanics,2026,1,1
UAV Applications and Optimization,2024,1,6
Ultrasonics and Acoustic Wave Propagation,2016,1,0
Ultrasonics and Acoustic Wave Propagation,2021,1,5
Ultrasonics and Acoustic Wave Propagation,2023,1,6
Underwater Acoustics Research,2008,1,0
Underwater Acoustics Research,2011,1,0
Underwater Acoustics Research,2015,2,0
Underwater Acoustics Research,2023,1,6
Urban Design and Spatial Analysis,2026,1,0
Urban Heat Island Mitigation,2003,1,0
Urban Heat Island Mitigation,2023,1,14
Urban Heat Island Mitigation,2025,1,3
Urban Heat Island Mitigation,2026,2,0
Urban Stormwater Management Solutions,2011,1,1
Urban Stormwater Management Solutions,2020,3,9
Urban Stormwater Management Solutions,2026,1,0
"Urbanism, Landscape, and Tourism Studies",2023,1,17
"Urbanism, Landscape, and Tourism Studies",2024,4,38
"Urbanism, Landscape, and Tourism Studies",2025,2,4
Waste Management and Environmental Impact,2014,1,0
Wastewater Treatment and Reuse,2018,1,3
Wastewater Treatment and Reuse,2020,4,18
Wastewater Treatment and Reuse,2023,2,77
Wastewater Treatment and Reuse,2024,1,33
Wastewater Treatment and Reuse,2026,2,0
Water and Wastewater Treatment,2020,1,8
Water management and technologies,2001,1,0
Water management and technologies,2016,1,2
Water management and technologies,2020,3,12
Water Quality and Pollution Assessment,2015,2,43
Water Quality and Pollution Assessment,2018,1,3
Water Quality and Pollution Assessment,2019,2,9
Water Quality and Pollution Assessment,2020,3,5
Water Quality and Pollution Assessment,2022,10,302
Water Quality and Pollution Assessment,2023,4,122
Water Quality and Pollution Assessment,2024,8,43
Water Quality and Pollution Assessment,2025,5,43
Water Quality and Pollution Assessment,2026,3,1
Water Quality and Resources Studies,1997,1,15
Water Quality and Resources Studies,2001,5,17
Water Quality and Resources Studies,2003,2,40
Water Quality and Resources Studies,2007,1,16
Water Quality and Resources Studies,2010,1,12
Water Quality and Resources Studies,2014,1,15
Water Quality and Resources Studies,2015,13,0
Water Quality and Resources Studies,2016,1,2
Water Quality and Resources Studies,2018,1,3
Water Quality and Resources Studies,2019,2,9
Water Quality and Resources Studies,2020,12,34
Water Quality and Resources Studies,2021,1,23
Water Quality and Resources Studies,2022,4,85
Water Quality and Resources Studies,2023,6,137
Water Quality and Resources Studies,2024,4,25
Water Quality and Resources Studies,2025,4,2
Water Quality and Resources Studies,2026,1,1
Water Quality Monitoring and Analysis,2022,1,60
Water Resource Management and Quality,2020,1,4
Water Resources and Governance,2001,1,1
Water Resources and Sustainability,2001,1,0
Water Resources and Sustainability,2020,1,7
Water Resources and Sustainability,2023,1,6
Water Resources and Sustainability,2026,1,0
Water resources management and optimization,2001,2,5
Water resources management and optimization,2003,1,92
Water resources management and optimization,2018,1,0
Water resources management and optimization,2020,11,89
Water resources management and optimization,2023,1,6
Water resources management and optimization,2024,1,33
Water resources management and optimization,2025,2,9
Water resources management and optimization,2026,4,2
Water Systems and Optimization,2019,1,5
Water Treatment and Disinfection,2020,1,0
Web Applications and Data Management,2010,1,1
Web visibility and informetrics,2025,1,0
Wind Energy Research and Development,2021,1,52
Wood Treatment and Properties,2005,1,51
X-ray Diffraction in Crystallography,2015,2,0
X-ray Diffraction in Crystallography,2017,1,3
X-ray Diffraction in Crystallography,2020,4,0
X-ray Diffraction in Crystallography,2022,1,28
X-ray Spectroscopy and Fluorescence Analysis,2015,2,0
X-ray Spectroscopy and Fluorescence Analysis,2016,1,0
X-ray Spectroscopy and Fluorescence Analysis,2017,1,59
X-ray Spectroscopy and Fluorescence Analysis,2022,2,8
X-ray Spectroscopy and Fluorescence Analysis,2024,1,0
Zeolite Catalysis and Synthesis,2025,2,2
Zeolite Catalysis and Synthesis,2026,2,7